rank,symbol,momentum,weight,selected
1,HEALTHIETF,0.02405564063297616,0.5,True
2,SETFNIFBK,0.018794048551292075,0.5,True
3,BFSI,-0.011201235998455017,0.0,False
4,SBIETFCON,-0.028064346913796112,0.0,False
5,AUTOBEES,-0.044456106154884156,0.0,False
6,MAKEINDIA,-0.053207452794797994,0.0,False
7,ITBEES,-0.07032900694234834,0.0,False
8,INFRAIETF,-0.0764284208306979,0.0,False
9,FMCGIETF,-0.08483091787439612,0.0,False
10,ENERGY,-0.11152324431256178,0.0,False
11,COMMOIETF,-0.1351144307191421,0.0,False
12,CPSEETF,-0.13678684627575266,0.0,False
