"ï»¿""Symbol  """,Series,Date,Prev Close,Open Price,High Price,Low Price,Last Price,Close Price,Average Price,Total Traded Quantity,Turnover â¹,No. of Trades
ICICICOMMO,EQ,2022-12-21,60.8,61.0,71.98,59.15,60.74,60.29,62.4,"19,018","11,86,789.61",269
ICICICOMMO,EQ,2022-12-22,60.29,60.2,71.99,58.61,58.61,58.76,59.66,"1,255","74,876.20",28
ICICICOMMO,EQ,2022-12-23,58.76,58.9,59.89,58.0,58.25,58.25,58.77,249,"14,633.28",16
ICICICOMMO,EQ,2022-12-26,58.25,58.6,59.8,57.8,58.15,58.15,58.05,"1,07,817","62,58,853.11",62
ICICICOMMO,EQ,2022-12-27,58.15,58.59,59.39,58.59,59.39,59.18,58.79,"1,278","75,132.30",26
ICICICOMMO,EQ,2022-12-28,59.18,59.2,59.49,59.2,59.39,59.39,59.47,104,"6,185.08",8
ICICICOMMO,EQ,2022-12-29,59.39,59.2,59.34,58.49,58.5,58.51,58.57,898,"52,598.41",19
ICICICOMMO,EQ,2022-12-30,58.51,58.9,59.9,58.9,59.61,59.61,59.71,"10,860","6,48,455.67",75
ICICICOMMO,EQ,2023-01-02,59.61,59.79,60.33,59.71,60.33,60.32,59.97,"6,124","3,67,258.21",30
ICICICOMMO,EQ,2023-01-03,60.32,60.28,60.28,59.4,59.4,59.76,59.88,"3,237","1,93,829.12",43
ICICICOMMO,EQ,2023-01-04,59.76,60.1,60.98,59.25,59.25,59.25,59.3,"7,775","4,61,059.76",25
ICICICOMMO,EQ,2023-01-05,59.25,59.5,59.79,59.21,59.5,59.5,59.53,"1,040","61,912.21",23
ICICICOMMO,EQ,2023-01-06,59.5,59.8,60.8,58.6,59.6,59.56,59.95,354,"21,223.03",47
ICICICOMMO,EQ,2023-01-10,59.56,59.8,60.4,59.01,59.45,59.43,59.44,"5,229","3,10,799.81",27
ICICICOMMO,EQ,2023-01-11,59.43,59.41,59.79,59.41,59.56,59.56,59.57,86,"5,122.87",6
ICICICOMMO,EQ,2023-01-12,59.56,59.46,59.46,59.45,59.45,59.45,59.46,202,"12,010.90",2
ICICICOMMO,EQ,2023-01-13,59.45,59.63,59.75,59.56,59.57,59.57,59.72,"1,637","97,759.95",9
ICICICOMMO,EQ,2023-01-16,59.57,59.8,59.94,59.57,59.57,59.57,59.83,857,"51,274.04",15
ICICICOMMO,EQ,2023-01-17,59.57,59.8,60.35,59.8,60.35,60.35,59.96,482,"28,901.89",19
ICICICOMMO,EQ,2023-01-18,60.35,60.35,60.67,60.3,60.67,60.5,60.48,"6,808","4,11,745.30",15
ICICICOMMO,EQ,2023-01-19,60.5,60.68,60.68,60.08,60.5,60.5,60.46,"4,668","2,82,246.20",26
ICICICOMMO,EQ,2023-01-20,60.5,60.5,60.5,60.02,60.08,60.09,60.12,896,"53,868.35",11
ICICICOMMO,EQ,2023-01-23,60.09,60.0,60.1,59.2,59.56,59.53,59.75,328,"19,598.38",28
ICICICOMMO,EQ,2023-01-24,59.53,60.98,60.98,58.8,58.8,58.94,59.33,"1,038","61,586.85",34
ICICICOMMO,EQ,2023-01-25,58.94,59.01,59.01,58.06,58.1,58.22,58.4,"1,228","71,712.87",35
ICICICOMMO,EQ,2023-01-27,58.22,58.01,58.01,56.09,57.02,56.98,56.84,"23,455","13,33,163.82",81
ICICICOMMO,EQ,2023-01-30,56.98,57.1,57.97,56.0,56.15,56.14,56.62,"2,955","1,67,307.17",63
ICICICOMMO,EQ,2023-01-31,56.14,56.3,57.2,56.3,57.2,57.19,57.19,927,"53,018.24",19
ICICICOMMO,EQ,2023-02-01,57.19,57.25,57.6,55.7,56.53,56.5,56.73,"37,798","21,44,155.55",54
ICICICOMMO,EQ,2023-02-02,56.5,56.4,56.4,56.0,56.19,56.19,56.19,"10,860","6,10,253.54",22
ICICICOMMO,EQ,2023-02-03,56.19,56.2,56.79,55.21,56.05,55.98,55.83,"16,088","8,98,267.52",71
ICICICOMMO,EQ,2023-02-06,55.98,56.98,56.98,55.79,55.92,55.99,56.01,"8,652","4,84,618.23",41
ICICICOMMO,EQ,2023-02-07,55.99,56.0,56.0,55.0,55.0,55.18,55.56,"2,426","1,34,780.56",62
ICICICOMMO,EQ,2023-02-08,55.18,55.75,56.01,55.0,56.01,56.01,55.82,"4,363","2,43,529.32",28
ICICICOMMO,EQ,2023-02-09,56.01,56.01,56.02,55.46,55.76,55.5,55.73,"2,699","1,50,410.04",40
ICICICOMMO,EQ,2023-02-10,55.5,55.5,55.5,55.35,55.36,55.35,55.41,230,"12,743.23",16
ICICICOMMO,EQ,2023-02-13,55.35,55.35,55.35,54.95,55.34,55.07,55.05,"1,455","80,093.95",40
ICICICOMMO,EQ,2023-02-14,55.07,55.0,55.41,55.0,55.03,55.23,55.06,"2,771","1,52,574.08",31
ICICICOMMO,EQ,2023-02-15,55.23,55.15,55.5,55.15,55.46,55.3,55.4,950,"52,628.76",18
ICICICOMMO,EQ,2023-02-16,55.3,55.46,56.21,55.46,56.21,56.21,56.05,228,"12,778.86",20
ICICICOMMO,EQ,2023-02-17,56.21,56.4,56.5,56.28,56.4,56.4,56.34,"1,596","89,914.23",12
ICICICOMMO,EQ,2023-02-20,56.4,56.3,56.56,56.1,56.35,56.35,56.2,744,"41,815.21",24
ICICICOMMO,EQ,2023-02-21,56.35,56.31,56.35,56.25,56.25,56.25,56.28,373,"20,994.29",8
ICICICOMMO,EQ,2023-02-22,56.25,56.2,56.2,55.1,55.2,55.2,55.42,"5,165","2,86,255.36",96
ICICICOMMO,EQ,2023-02-23,55.2,55.25,55.35,55.05,55.05,55.09,55.16,158,"8,714.98",18
ICICICOMMO,EQ,2023-02-24,55.09,55.05,55.05,54.74,54.8,54.79,54.82,"1,461","80,096.95",48
ICICICOMMO,EQ,2023-02-27,54.79,54.6,54.6,53.81,54.15,54.07,54.11,841,"45,507.26",52
ICICICOMMO,EQ,2023-02-28,54.07,53.99,54.05,53.75,53.85,53.83,53.82,448,"24,112.38",28
ICICICOMMO,EQ,2023-03-01,53.83,54.95,54.99,54.34,54.51,54.64,54.6,"2,873","1,56,857.12",41
ICICICOMMO,EQ,2023-03-02,54.64,54.7,54.79,54.64,54.74,54.74,54.78,765,"41,905.01",17
ICICICOMMO,EQ,2023-03-03,54.74,54.87,55.2,54.87,55.2,55.12,55.17,"4,815","2,65,621.70",34
ICICICOMMO,EQ,2023-03-06,55.12,55.3,55.74,55.3,55.49,55.49,55.53,"2,005","1,11,335.55",28
ICICICOMMO,EQ,2023-03-08,55.49,55.4,55.59,55.21,55.59,55.59,55.42,177,"9,808.97",11
ICICICOMMO,EQ,2023-03-09,55.59,55.81,56.05,55.68,55.69,55.68,55.81,702,"39,178.90",27
ICICICOMMO,EQ,2023-03-10,55.68,55.4,55.43,55.1,55.1,55.13,55.31,"1,145","63,334.95",27
ICICICOMMO,EQ,2023-03-13,55.13,55.3,55.6,54.5,54.94,54.88,55.1,"5,725","3,15,457.64",46
ICICICOMMO,EQ,2023-03-14,54.88,54.6,55.05,54.21,54.6,54.32,54.71,"2,529","1,38,358.00",86
ICICICOMMO,EQ,2023-03-15,54.32,54.8,55.14,54.7,54.9,54.92,55.04,"1,462","80,466.63",40
ICICICOMMO,EQ,2023-03-16,54.92,54.7,54.86,54.08,54.69,54.34,54.27,"1,095","59,429.21",39
ICICICOMMO,EQ,2023-03-17,54.34,54.9,55.45,54.7,55.23,55.23,55.21,"2,123","1,17,201.83",38
ICICICOMMO,EQ,2023-03-20,55.23,55.23,55.23,54.21,54.6,54.59,54.58,"8,442","4,60,742.18",54
ICICICOMMO,EQ,2023-03-21,54.59,54.99,55.04,54.91,55.04,54.99,55.0,982,"54,006.45",18
ICICICOMMO,EQ,2023-03-22,54.99,55.3,55.59,55.15,55.36,55.36,55.51,241,"13,377.73",18
ICICICOMMO,EQ,2023-03-23,55.36,56.5,56.5,55.03,55.1,55.09,55.33,"1,423","78,733.56",39
ICICICOMMO,EQ,2023-03-24,55.09,56.2,56.2,54.5,54.5,54.55,54.7,"3,564","1,94,945.72",46
ICICICOMMO,EQ,2023-03-27,54.55,55.98,55.98,54.36,54.36,54.79,54.74,"60,741","33,25,081.77",36
ICICICOMMO,EQ,2023-03-28,54.79,54.41,54.64,54.22,54.42,54.4,54.4,"2,470","1,34,372.31",35
ICICICOMMO,EQ,2023-03-29,54.4,54.4,54.89,54.2,54.89,54.87,54.64,646,"35,296.07",28
ICICICOMMO,EQ,2023-03-31,54.87,55.2,55.79,55.2,55.59,55.58,55.62,495,"27,534.34",45
ICICICOMMO,EQ,2023-04-03,55.58,55.59,55.9,55.54,55.54,55.54,55.63,"1,905","1,05,982.27",73
ICICICOMMO,EQ,2023-04-05,55.54,55.54,55.64,55.17,55.64,55.63,55.5,875,"48,564.60",28
ICICICOMMO,EQ,2023-04-06,55.63,55.64,55.97,55.55,55.88,55.88,55.87,"1,322","73,861.25",26
ICICICOMMO,EQ,2023-04-10,55.88,56.2,56.4,56.04,56.34,56.37,56.27,"1,539","86,602.00",48
ICICICOMMO,EQ,2023-04-11,56.37,56.41,56.89,56.33,56.89,56.82,56.59,"1,907","1,07,913.52",30
ICICICOMMO,EQ,2023-04-12,56.82,56.88,56.88,56.88,56.88,56.88,56.88,691,"39,304.08",8
ICICICOMMO,EQ,2023-04-13,56.88,56.9,57.2,56.65,56.88,56.88,56.9,"1,258","71,582.43",36
ICICICOMMO,EQ,2023-04-17,56.88,58.3,58.3,56.4,57.01,57.01,56.72,"1,022","57,964.28",27
ICICICOMMO,EQ,2023-04-18,57.01,57.01,57.2,56.65,56.79,56.79,57.0,"21,990","12,53,368.39",33
ICICICOMMO,EQ,2023-04-19,56.79,57.09,57.17,56.63,56.84,56.83,56.98,"1,221","69,570.86",26
ICICICOMMO,EQ,2023-04-20,56.83,56.83,56.84,56.7,56.72,56.72,56.76,34,"1,929.81",8
ICICICOMMO,EQ,2023-04-21,56.72,56.8,56.8,56.15,56.48,56.24,56.23,"30,969","17,41,369.02",41
ICICICOMMO,EQ,2023-04-24,56.24,56.39,56.65,56.21,56.65,56.65,56.59,"9,730","5,50,610.43",58
ICICICOMMO,EQ,2023-04-25,56.65,56.86,56.86,56.65,56.65,56.68,56.79,"2,814","1,59,815.67",22
ICICICOMMO,EQ,2023-04-26,56.68,56.6,56.8,56.46,56.58,56.58,56.57,154,"8,711.42",26
ICICICOMMO,EQ,2023-04-27,56.58,57.58,57.58,56.78,57.1,57.05,56.95,"5,532","3,15,029.57",77
ICICICOMMO,EQ,2023-04-28,57.05,57.98,57.98,57.1,57.87,57.76,57.57,"7,077","4,07,412.84",85
ICICICOMMO,EQ,2023-05-02,57.76,58.0,58.49,57.92,58.25,58.44,58.32,"8,670","5,05,639.70",92
ICICICOMMO,EQ,2023-05-03,58.44,59.48,59.48,58.0,58.32,58.3,58.33,"10,516","6,13,360.11",99
ICICICOMMO,EQ,2023-05-04,58.3,58.39,58.6,58.21,58.6,58.53,58.47,"2,542","1,48,625.29",37
ICICICOMMO,EQ,2023-05-05,58.53,59.58,59.58,58.05,58.27,58.27,58.37,"5,865","3,42,356.66",77
ICICICOMMO,EQ,2023-05-08,58.27,59.28,59.28,57.33,58.74,58.73,58.51,"3,496","2,04,556.40",46
ICICICOMMO,EQ,2023-05-09,58.73,58.76,58.99,58.55,58.64,58.65,58.77,"6,239","3,66,651.16",61
ICICICOMMO,EQ,2023-05-10,58.65,59.66,59.66,58.46,58.6,58.6,58.56,"3,936","2,30,487.05",37
ICICICOMMO,EQ,2023-05-11,58.6,58.61,58.81,58.57,58.8,58.76,58.75,"3,775","2,21,798.22",60
ICICICOMMO,EQ,2023-05-12,58.76,59.66,59.66,58.0,58.21,58.06,58.18,"8,899","5,17,780.94",106
ICICICOMMO,EQ,2023-05-15,58.06,58.98,58.98,57.85,57.96,58.02,58.07,"3,560","2,06,741.68",62
ICICICOMMO,EQ,2023-05-16,58.02,58.16,58.44,58.14,58.22,58.15,58.23,"1,015","59,106.69",35
ICICICOMMO,EQ,2023-05-17,58.15,58.15,58.15,57.67,57.88,57.85,57.74,"6,173","3,56,417.23",62
ICICICOMMO,EQ,2023-05-18,57.85,56.1,58.16,56.1,57.36,57.24,57.54,"3,678","2,11,620.08",91
ICICICOMMO,EQ,2023-05-19,57.24,57.36,57.58,56.81,57.58,57.54,57.0,"43,115","24,57,750.80",79
ICICICOMMO,EQ,2023-05-22,57.54,57.61,58.03,57.61,58.03,57.98,57.78,"45,515","26,29,946.48",72
ICICICOMMO,EQ,2023-05-23,57.98,58.98,60.0,58.16,58.2,58.21,58.36,"34,360","20,05,230.06",225
ICICICOMMO,EQ,2023-05-24,58.21,58.21,58.34,58.0,58.13,58.13,58.16,"18,155","10,55,981.88",102
ICICICOMMO,EQ,2023-05-25,58.13,58.0,58.07,57.73,58.07,58.06,57.89,"9,013","5,21,788.24",111
ICICICOMMO,EQ,2023-05-26,58.06,58.07,58.64,58.06,58.38,58.5,58.45,"15,483","9,05,040.36",84
ICICICOMMO,EQ,2023-05-29,58.5,58.69,58.95,58.56,58.77,58.82,58.85,"14,966","8,80,784.29",75
ICICICOMMO,EQ,2023-05-30,58.82,59.78,59.78,58.79,59.01,59.0,59.09,"22,867","13,51,193.38",162
ICICICOMMO,EQ,2023-05-31,59.0,59.97,59.97,58.32,58.32,58.44,58.51,"19,427","11,36,593.47",217
ICICICOMMO,EQ,2023-06-01,58.44,58.58,58.58,58.2,58.31,58.31,58.35,"13,241","7,72,561.22",113
ICICICOMMO,EQ,2023-06-02,58.31,59.28,59.28,58.01,58.31,58.48,58.53,"13,919","8,14,624.96",91
ICICICOMMO,EQ,2023-06-05,58.48,58.48,58.86,58.44,58.8,58.75,58.74,"25,881","15,20,284.22",61
ICICICOMMO,EQ,2023-06-06,58.75,58.89,59.21,58.76,59.21,59.14,59.01,"26,804","15,81,828.24",88
ICICICOMMO,EQ,2023-06-07,59.14,59.21,59.77,59.2,59.75,59.72,59.47,"20,548","12,21,899.67",112
ICICICOMMO,EQ,2023-06-08,59.72,59.12,60.4,59.12,59.69,59.65,59.87,"63,408","37,96,470.99",234
ICICICOMMO,EQ,2023-06-09,59.65,59.66,59.77,59.2,59.31,59.3,59.6,"22,855","13,62,243.43",164
ICICICOMMO,EQ,2023-06-12,59.3,59.31,59.55,59.3,59.55,59.54,59.41,"4,600","2,73,288.26",51
ICICICOMMO,EQ,2023-06-13,59.54,60.08,60.5,59.61,60.05,59.99,59.95,"17,420","10,44,353.41",183
ICICICOMMO,EQ,2023-06-14,59.99,60.25,60.8,59.0,60.48,60.56,60.27,"29,765","17,93,929.37",141
ICICICOMMO,EQ,2023-06-15,60.56,60.58,60.75,60.51,60.64,60.59,60.68,"15,523","9,41,974.92",131
ICICICOMMO,EQ,2023-06-16,60.59,60.78,61.02,60.68,60.68,60.85,60.9,"13,920","8,47,685.00",121
ICICICOMMO,EQ,2023-06-19,60.85,61.2,61.2,60.52,60.6,60.59,60.78,"15,484","9,41,107.30",140
ICICICOMMO,EQ,2023-06-20,60.59,60.56,60.79,60.4,60.65,60.56,60.55,"17,714","10,72,613.12",66
ICICICOMMO,EQ,2023-06-21,60.56,60.66,60.79,60.57,60.72,60.71,60.69,"1,567","95,106.41",30
ICICICOMMO,EQ,2023-06-22,60.71,60.72,60.79,60.07,60.35,60.34,60.53,"9,005","5,45,075.61",97
ICICICOMMO,EQ,2023-06-23,60.34,59.88,59.89,59.36,59.44,59.45,59.67,"6,893","4,11,338.61",138
ICICICOMMO,EQ,2023-06-26,59.45,60.44,60.44,58.92,59.65,59.64,59.22,"6,499","3,84,855.29",75
ICICICOMMO,EQ,2023-06-27,59.64,59.73,59.89,59.55,59.8,59.78,59.76,"4,853","2,90,015.76",60
ICICICOMMO,EQ,2023-06-28,59.78,59.01,60.19,59.01,60.19,60.1,60.04,"4,278","2,56,835.14",67
ICICICOMMO,EQ,2023-06-30,60.1,61.08,61.08,60.13,60.39,60.34,60.28,"7,519","4,53,243.21",92
ICICICOMMO,EQ,2023-07-03,60.34,61.19,61.19,60.46,61.14,61.04,60.92,"22,429","13,66,288.91",152
ICICICOMMO,EQ,2023-07-04,61.04,61.3,61.97,60.75,61.01,60.98,60.97,"43,824","26,72,140.55",296
ICICICOMMO,EQ,2023-07-05,60.98,61.98,61.98,60.82,61.05,61.03,61.02,"27,155","16,56,892.29",105
ICICICOMMO,EQ,2023-07-06,61.03,61.35,61.63,61.03,61.63,61.58,61.39,"20,208","12,40,505.44",137
ICICICOMMO,EQ,2023-07-07,61.58,61.64,61.69,60.91,61.04,61.01,61.34,"46,556","28,55,899.61",192
ICICICOMMO,EQ,2023-07-10,61.01,61.98,61.98,61.01,61.35,61.33,61.29,"7,839","4,80,440.40",74
ICICICOMMO,EQ,2023-07-11,61.33,61.31,61.38,61.2,61.32,61.3,61.31,"6,881","4,21,871.68",78
ICICICOMMO,EQ,2023-07-12,61.3,61.35,61.35,61.18,61.18,61.2,61.23,"9,145","5,59,979.43",80
ICICICOMMO,EQ,2023-07-13,61.2,61.49,61.77,60.69,61.0,60.87,61.23,"22,385","13,70,522.05",168
ICICICOMMO,EQ,2023-07-14,60.87,60.89,61.41,60.89,61.17,61.1,61.07,"13,446","8,21,152.12",88
ICICICOMMO,EQ,2023-07-17,61.1,61.97,62.05,61.17,61.79,61.67,61.65,"41,320","25,47,377.68",263
ICICICOMMO,EQ,2023-07-18,61.67,61.66,61.75,61.35,61.49,61.45,61.57,"13,166","8,10,647.24",153
ICICICOMMO,EQ,2023-07-19,61.45,61.52,61.79,61.46,61.57,61.61,61.58,"9,312","5,73,449.48",89
ICICICOMMO,EQ,2023-07-20,61.61,61.64,61.8,61.24,61.68,61.76,61.66,"21,567","13,29,885.37",119
ICICICOMMO,EQ,2023-07-21,61.76,61.7,61.71,61.15,61.65,61.59,61.51,"18,664","11,47,991.24",124
ICICICOMMO,EQ,2023-07-24,61.59,61.76,62.49,61.25,61.35,61.36,61.4,"10,850","6,66,207.00",119
ICICICOMMO,EQ,2023-07-25,61.36,61.41,62.25,61.36,62.16,62.14,61.98,"19,061","11,81,349.68",145
ICICICOMMO,EQ,2023-07-26,62.14,62.15,62.68,61.99,62.68,62.62,62.4,"21,422","13,36,742.70",177
ICICICOMMO,EQ,2023-07-27,62.62,63.58,63.58,62.12,62.35,62.32,62.54,"14,767","9,23,571.03",198
ICICICOMMO,EQ,2023-07-28,62.32,62.61,62.7,62.1,62.7,62.64,62.49,"7,519","4,69,828.93",102
ICICICOMMO,EQ,2023-07-31,62.64,63.0,63.64,63.0,63.64,63.58,63.34,"61,096","38,69,895.07",302
ICICICOMMO,EQ,2023-08-01,63.58,64.12,64.21,63.01,63.86,63.95,63.86,"24,290","15,51,265.12",229
ICICICOMMO,EQ,2023-08-02,63.95,63.91,63.99,62.73,63.25,63.15,63.23,"52,224","33,02,128.02",307
ICICICOMMO,EQ,2023-08-03,63.15,63.15,63.15,62.27,62.83,62.57,62.77,"87,930","55,19,170.45",203
ICICICOMMO,EQ,2023-08-04,62.57,62.56,63.12,62.56,62.7,62.72,62.86,"16,214","10,19,260.49",88
ICICICOMMO,EQ,2023-08-07,62.72,62.72,63.0,62.63,62.94,62.94,62.79,"12,818","8,04,890.17",83
ICICICOMMO,EQ,2023-08-08,62.94,62.96,62.96,62.4,62.76,62.71,62.68,"7,848","4,91,893.42",144
ICICICOMMO,EQ,2023-08-09,62.71,62.95,63.28,62.31,63.28,63.16,62.53,"22,686","14,18,662.13",96
ICICICOMMO,EQ,2023-08-10,63.16,63.16,63.36,62.98,63.0,62.99,63.06,"10,367","6,53,737.05",66
ICICICOMMO,EQ,2023-08-11,62.99,63.0,63.08,62.66,62.66,62.9,62.93,"19,068","12,00,028.85",68
ICICICOMMO,EQ,2023-08-14,62.9,62.67,62.67,61.95,62.32,62.33,62.3,"6,012","3,74,570.43",104
ICICICOMMO,EQ,2023-08-16,62.33,63.28,63.28,61.87,62.51,62.52,62.08,"7,678","4,76,625.49",108
ICICICOMMO,EQ,2023-08-17,62.52,62.52,62.52,61.95,62.1,62.09,62.23,"9,245","5,75,329.87",87
ICICICOMMO,EQ,2023-08-18,62.09,63.32,63.32,61.7,62.03,62.02,61.92,"12,945","8,01,615.67",102
ICICICOMMO,EQ,2023-08-21,62.02,62.49,62.59,62.02,62.39,62.4,62.34,"3,059","1,90,702.19",53
ICICICOMMO,EQ,2023-08-22,62.4,62.8,62.85,62.51,62.82,62.81,62.71,"3,458","2,16,842.49",58
ICICICOMMO,EQ,2023-08-23,62.81,63.32,63.32,62.71,62.8,62.79,63.01,"2,715","1,71,061.34",68
ICICICOMMO,EQ,2023-08-24,62.79,62.92,63.09,62.54,62.55,62.57,62.86,"11,511","7,23,624.73",101
ICICICOMMO,EQ,2023-08-25,62.57,62.6,62.6,61.93,62.11,61.97,62.09,"6,714","4,16,881.34",156
ICICICOMMO,EQ,2023-08-28,61.97,62.97,63.09,62.01,62.21,62.2,62.34,"19,133","11,92,780.18",119
ICICICOMMO,EQ,2023-08-29,62.2,62.21,62.98,62.21,62.9,62.84,62.67,"4,746","2,97,451.75",79
ICICICOMMO,EQ,2023-08-30,62.84,62.91,63.15,62.84,62.94,62.95,62.97,"12,351","7,77,782.46",96
ICICICOMMO,EQ,2023-08-31,62.95,63.51,63.54,62.5,62.65,62.56,62.88,"12,356","7,76,972.49",207
ICICICOMMO,EQ,2023-09-01,62.56,63.09,63.66,63.09,63.64,63.63,63.39,"20,701","13,12,166.24",142
ICICICOMMO,EQ,2023-09-04,63.63,63.67,65.32,63.67,64.86,64.81,64.69,"57,208","37,00,774.30",379
ICICICOMMO,EQ,2023-09-05,64.81,64.82,65.19,64.8,64.97,65.02,65.05,"36,907","24,00,780.42",254
ICICICOMMO,EQ,2023-09-06,65.02,65.98,65.98,64.05,65.0,64.95,64.86,"26,409","17,12,882.25",189
ICICICOMMO,EQ,2023-09-07,64.95,65.01,65.5,64.91,65.5,65.43,65.2,"33,746","22,00,306.05",188
ICICICOMMO,EQ,2023-09-08,65.43,65.44,66.0,65.44,65.93,65.9,65.76,"37,140","24,42,163.83",236
ICICICOMMO,EQ,2023-09-11,65.9,66.88,67.25,66.14,66.45,66.46,66.36,"43,178","28,65,444.44",229
ICICICOMMO,EQ,2023-09-12,66.46,67.24,67.24,65.14,65.32,65.31,65.72,"46,951","30,85,413.61",283
ICICICOMMO,EQ,2023-09-13,65.31,65.6,65.97,65.17,65.33,65.75,65.61,"26,447","17,35,189.19",126
ICICICOMMO,EQ,2023-09-14,65.75,66.0,66.53,66.0,66.47,66.39,66.2,"31,156","20,62,407.07",392
ICICICOMMO,EQ,2023-09-15,66.39,66.6,66.79,66.21,66.23,66.29,66.38,"23,235","15,42,327.70",172
ICICICOMMO,EQ,2023-09-18,66.29,68.3,68.3,65.4,66.34,66.19,66.19,"14,009","9,27,291.34",162
ICICICOMMO,EQ,2023-09-20,66.19,66.18,67.5,65.12,65.58,65.38,65.83,"64,347","42,36,135.20",560
ICICICOMMO,EQ,2023-09-21,65.38,65.39,65.99,64.86,65.09,65.01,65.1,"8,203","5,33,998.02",204
ICICICOMMO,EQ,2023-09-22,65.01,65.01,65.19,64.42,64.61,64.66,64.67,"29,985","19,39,002.09",187
ICICICOMMO,EQ,2023-09-25,64.66,64.71,64.79,64.54,64.65,64.64,64.64,"5,110","3,30,298.35",117
ICICICOMMO,EQ,2023-09-26,64.64,64.8,65.26,64.72,64.95,64.92,65.15,"10,993","7,16,156.12",76
ICICICOMMO,EQ,2023-09-27,64.92,65.88,66.0,64.23,65.0,64.94,64.9,"9,673","6,27,778.82",171
ICICICOMMO,EQ,2023-09-28,64.94,64.01,65.26,64.01,64.4,64.1,64.35,"24,112","15,51,526.25",199
ICICICOMMO,EQ,2023-09-29,64.1,65.08,65.26,64.39,65.2,65.12,64.97,"7,680","4,98,943.54",116
ICICICOMMO,EQ,2023-10-03,65.12,64.8,65.99,64.4,64.7,64.57,64.65,"11,653","7,53,410.85",196
ICICICOMMO,EQ,2023-10-04,64.57,64.58,64.99,63.18,63.66,63.66,63.55,"25,456","16,17,764.61",326
ICICICOMMO,EQ,2023-10-05,63.66,64.93,64.93,63.52,63.82,63.66,63.68,"56,376","35,90,263.27",436
ICICICOMMO,EQ,2023-10-06,63.66,63.8,64.03,63.76,64.03,63.92,63.91,"17,561","11,22,408.52",163
ICICICOMMO,EQ,2023-10-09,63.92,63.93,64.97,63.0,63.28,63.15,63.21,"42,790","27,04,741.73",493
ICICICOMMO,EQ,2023-10-10,63.15,64.17,64.17,63.2,64.1,64.0,63.8,"20,846","13,30,003.60",216
ICICICOMMO,EQ,2023-10-11,64.0,64.2,64.74,64.2,64.71,64.49,64.52,"8,213","5,29,921.99",116
ICICICOMMO,EQ,2023-10-12,64.49,64.71,65.09,64.7,64.75,64.76,64.83,"9,457","6,13,130.84",151
ICICICOMMO,EQ,2023-10-13,64.76,64.67,64.97,64.58,64.8,64.77,64.75,"4,218","2,73,105.04",77
ICICICOMMO,EQ,2023-10-16,64.77,64.53,65.14,64.47,65.02,65.02,65.0,"16,527","10,74,240.40",165
ICICICOMMO,EQ,2023-10-17,65.02,65.13,65.25,65.1,65.17,65.18,65.16,"17,075","11,12,552.16",121
ICICICOMMO,EQ,2023-10-18,65.18,65.17,65.45,64.81,64.9,64.89,65.19,"10,958","7,14,399.11",138
ICICICOMMO,EQ,2023-10-19,64.89,64.3,64.69,64.12,64.65,64.61,64.39,"3,098","1,99,489.31",134
ICICICOMMO,EQ,2023-10-20,64.61,64.61,64.61,63.96,63.96,64.05,64.14,"10,810","6,93,349.95",161
ICICICOMMO,EQ,2023-10-23,64.05,63.85,64.0,62.42,63.35,62.57,63.01,"23,818","15,00,761.69",381
ICICICOMMO,EQ,2023-10-25,62.57,62.57,63.97,61.85,62.27,62.31,62.39,"52,226","32,58,621.79",399
ICICICOMMO,EQ,2023-10-26,62.31,63.28,63.28,60.5,61.51,61.54,61.43,"18,897","11,60,892.13",364
ICICICOMMO,EQ,2023-10-27,61.54,61.8,62.36,61.8,62.28,62.28,62.24,"16,800","10,45,686.52",141
ICICICOMMO,EQ,2023-10-30,62.28,62.2,63.15,62.06,63.15,62.9,62.53,"13,273","8,29,904.05",110
ICICICOMMO,EQ,2023-10-31,62.9,63.16,63.16,62.24,62.79,62.78,62.68,"13,333","8,35,675.70",95
ICICICOMMO,EQ,2023-11-01,62.78,61.52,62.92,61.52,62.54,62.25,62.54,"4,072","2,54,673.39",117
ICICICOMMO,EQ,2023-11-02,62.25,62.54,63.21,62.54,63.21,63.19,62.94,"10,379","6,53,242.02",63
ICICICOMMO,EQ,2023-11-03,63.19,63.4,63.59,63.29,63.42,63.48,63.45,"5,675","3,60,106.31",103
ICICICOMMO,EQ,2023-11-06,63.48,62.59,64.53,62.59,64.27,64.45,64.25,"17,142","11,01,458.95",136
ICICICOMMO,EQ,2023-11-07,64.45,64.88,64.88,64.01,64.5,64.58,64.51,"10,635","6,86,059.86",97
ICICICOMMO,EQ,2023-11-08,64.58,64.6,65.06,64.6,64.84,64.88,64.89,"7,352","4,77,092.15",103
ICICICOMMO,EQ,2023-11-09,64.88,65.22,65.22,64.81,64.89,64.9,64.89,"7,130","4,62,683.61",72
ICICICOMMO,EQ,2023-11-10,64.9,64.88,65.29,64.62,65.11,65.13,65.03,"5,008","3,25,667.24",119
ICICICOMMO,EQ,2023-11-12,65.13,64.61,65.6,64.61,65.49,65.49,65.49,"17,318","11,34,114.43",157
ICICICOMMO,EQ,2023-11-13,65.49,65.29,65.65,64.84,65.5,65.54,65.51,"17,884","11,71,575.56",243
ICICICOMMO,EQ,2023-11-15,65.54,66.86,66.86,64.56,66.34,66.39,66.29,"67,954","45,04,945.45",502
ICICICOMMO,EQ,2023-11-16,66.39,66.39,66.88,66.33,66.79,66.68,66.67,"27,371","18,24,714.98",279
ICICICOMMO,EQ,2023-11-17,66.68,67.25,67.25,65.69,66.49,66.64,66.72,"16,397","10,94,083.56",144
ICICICOMMO,EQ,2023-11-20,66.64,66.49,66.82,66.32,66.38,66.38,66.57,"16,982","11,30,553.15",170
ICICICOMMO,EQ,2023-11-21,66.38,66.67,66.95,66.56,66.8,66.64,66.67,"9,943","6,62,895.44",165
ICICICOMMO,EQ,2023-11-22,66.64,66.5,66.88,66.3,66.72,66.72,66.48,"95,869","63,73,725.44",143
ICICICOMMO,EQ,2023-11-23,66.72,66.97,66.97,66.49,66.88,66.87,66.64,"99,507","66,30,808.21",156
ICICICOMMO,EQ,2023-11-24,66.87,66.89,67.09,66.8,66.92,66.86,66.96,"11,220","7,51,269.58",108
ICICICOMMO,EQ,2023-11-28,66.86,67.78,68.15,66.81,68.15,68.03,67.69,"40,859","27,65,767.74",502
ICICICOMMO,EQ,2023-11-29,68.03,68.98,68.98,67.69,68.4,68.39,68.38,"37,130","25,39,118.28",269
ICICICOMMO,EQ,2023-11-30,68.39,68.35,68.89,68.1,68.77,68.82,68.27,"1,37,161","93,63,699.50",264
ICICICOMMO,EQ,2023-12-01,68.82,68.98,69.77,68.98,69.5,69.46,69.42,"36,118","25,07,307.82",274
ICICICOMMO,EQ,2023-12-04,69.46,71.16,71.49,70.36,70.85,70.99,70.83,"40,502","28,68,795.34",387
ICICICOMMO,EQ,2023-12-05,70.99,74.19,74.19,70.5,71.71,72.55,71.68,"1,39,722","1,00,14,586.19",422
ICICICOMMO,EQ,2023-12-06,72.55,73.0,74.19,72.47,72.6,72.93,73.01,"73,143","53,40,033.28",622
ICICICOMMO,EQ,2023-12-07,72.93,73.98,73.98,72.91,73.6,73.4,73.37,"82,407","60,45,861.01",203
ICICICOMMO,EQ,2023-12-08,73.4,73.41,73.78,72.2,73.05,72.96,72.98,"1,37,865","1,00,61,292.86",447
ICICICOMMO,EQ,2023-12-11,72.96,72.99,73.65,72.96,73.58,73.49,73.21,"63,177","46,25,295.17",211
ICICICOMMO,EQ,2023-12-12,73.49,73.84,73.84,72.78,73.22,73.12,73.44,"1,41,648","1,04,02,550.79",249
ICICICOMMO,EQ,2023-12-13,73.12,73.44,73.51,72.48,73.22,73.28,73.19,"45,640","33,40,489.95",311
ICICICOMMO,EQ,2023-12-14,73.28,75.0,75.0,73.64,74.05,73.97,73.9,"13,399","9,90,124.63",180
ICICICOMMO,EQ,2023-12-15,73.97,74.57,75.27,74.52,74.91,75.13,74.9,"35,532","26,61,493.05",389
ICICICOMMO,EQ,2023-12-18,75.13,75.13,76.65,74.75,75.27,75.77,75.3,"80,676","60,74,866.86",546
ICICICOMMO,EQ,2023-12-19,75.77,75.78,76.27,75.0,75.8,75.72,75.17,"1,02,897","77,34,826.57",386
COMMOIETF,EQ,2023-12-20,75.72,76.0,76.3,73.33,73.33,73.41,75.5,"1,57,478","1,18,89,906.90",644
COMMOIETF,EQ,2023-12-21,73.41,73.98,74.53,72.41,74.51,74.47,73.78,"1,43,716","1,06,03,700.23",298
COMMOIETF,EQ,2023-12-22,74.47,76.0,76.0,74.4,75.15,74.86,74.82,"1,26,088","94,34,290.21",257
COMMOIETF,EQ,2023-12-26,74.86,75.57,75.89,75.1,75.6,75.76,75.68,"25,373","19,20,101.94",313
COMMOIETF,EQ,2023-12-27,75.76,75.99,76.78,75.63,76.48,76.45,76.42,"86,819","66,34,672.92",390
COMMOIETF,EQ,2023-12-28,76.45,76.83,77.7,76.65,77.6,77.62,77.33,"81,302","62,86,810.94",499
COMMOIETF,EQ,2023-12-29,77.62,77.71,77.71,76.9,77.52,77.32,77.23,"69,820","53,92,478.74",753
COMMOIETF,EQ,2024-01-01,77.32,77.36,77.85,77.25,77.75,77.36,77.46,"77,739","60,21,716.84",383
COMMOIETF,EQ,2024-01-02,77.36,78.19,78.19,76.35,77.5,77.41,77.22,"1,14,430","88,35,974.83",539
COMMOIETF,EQ,2024-01-03,77.41,77.31,77.79,76.87,76.98,77.06,76.94,"97,865","75,29,552.60",353
COMMOIETF,EQ,2024-01-04,77.06,78.0,78.0,77.05,77.27,77.38,77.38,"11,245","8,70,134.20",202
COMMOIETF,EQ,2024-01-05,77.38,77.7,77.9,76.76,77.11,77.29,77.26,"1,75,084","1,35,26,975.04",369
COMMOIETF,EQ,2024-01-08,77.29,78.28,78.28,76.05,76.99,76.71,76.95,"57,633","44,35,035.64",417
COMMOIETF,EQ,2024-01-09,76.71,77.77,77.77,76.6,77.22,76.69,77.03,"10,100","7,78,032.47",209
COMMOIETF,EQ,2024-01-10,76.69,76.7,77.64,76.02,76.83,76.7,76.13,"54,163","41,23,272.51",265
COMMOIETF,EQ,2024-01-11,76.7,76.84,77.61,76.84,77.61,77.51,77.15,"35,653","27,50,464.86",129
COMMOIETF,EQ,2024-01-12,77.51,77.4,77.9,77.28,77.8,77.77,77.52,"18,161","14,07,913.43",188
COMMOIETF,EQ,2024-01-15,77.77,78.88,78.88,77.2,78.29,78.21,77.95,"29,535","23,02,358.13",432
COMMOIETF,EQ,2024-01-16,78.21,79.17,79.17,77.55,78.5,78.35,78.2,"1,49,706","1,17,07,565.82",276
COMMOIETF,EQ,2024-01-17,78.35,78.94,78.94,76.78,77.02,76.98,77.19,"71,144","54,91,486.04",725
COMMOIETF,EQ,2024-01-18,76.98,76.99,77.39,75.26,76.6,76.51,76.24,"93,800","71,51,296.16",514
COMMOIETF,EQ,2024-01-19,76.51,77.91,77.98,76.87,77.6,77.46,77.32,"17,645","13,64,262.02",234
COMMOIETF,EQ,2024-01-20,77.46,77.4,78.27,75.91,77.76,77.89,77.79,"15,798","12,28,861.38",193
COMMOIETF,EQ,2024-01-23,77.89,78.26,78.26,75.2,75.85,75.4,76.01,"1,93,988","1,47,44,363.95","1,097"
COMMOIETF,EQ,2024-01-24,75.4,77.68,77.68,75.45,76.6,77.06,76.28,"1,43,765","1,09,67,095.11",217
COMMOIETF,EQ,2024-01-25,77.06,77.47,77.55,76.7,77.45,77.15,77.09,"1,19,151","91,85,275.28",224
COMMOIETF,EQ,2024-01-29,77.15,75.61,79.95,75.61,79.95,79.74,79.12,"89,854","71,08,958.87",935
COMMOIETF,EQ,2024-01-30,79.74,80.09,80.27,79.04,79.27,79.22,80.07,"87,543","70,09,760.04",594
COMMOIETF,EQ,2024-01-31,79.22,79.22,80.2,79.22,79.91,79.77,79.63,"1,01,206","80,59,265.97",370
COMMOIETF,EQ,2024-02-01,79.77,79.71,80.48,79.28,79.71,79.62,79.79,"76,904","61,36,083.26",338
COMMOIETF,EQ,2024-02-02,79.62,80.64,83.71,80.5,81.4,81.34,81.04,"1,63,645","1,32,61,234.56","1,055"
COMMOIETF,EQ,2024-02-05,81.34,81.45,82.37,81.2,81.7,81.61,81.82,"1,40,726","1,15,13,531.60","1,256"
COMMOIETF,EQ,2024-02-06,81.61,82.47,82.6,80.98,82.6,82.4,81.87,"44,464","36,40,270.44",597
COMMOIETF,EQ,2024-02-07,82.4,83.85,83.85,82.51,83.4,83.3,83.06,"2,09,510","1,74,02,502.72","1,073"
COMMOIETF,EQ,2024-02-08,83.3,83.85,84.28,82.93,83.4,83.32,83.32,"90,825","75,67,548.27",687
COMMOIETF,EQ,2024-02-09,83.32,84.82,84.82,81.2,82.94,82.88,82.46,"3,48,201","2,87,14,111.89",899
COMMOIETF,EQ,2024-02-12,82.88,83.87,83.87,80.71,81.0,81.0,81.69,"86,428","70,59,935.16",899
COMMOIETF,EQ,2024-02-13,81.0,81.01,81.05,79.52,80.98,80.78,80.23,"1,00,548","80,66,581.99",804
COMMOIETF,EQ,2024-02-14,80.78,80.66,82.24,80.0,82.24,81.95,81.67,"55,887","45,64,261.05",351
COMMOIETF,EQ,2024-02-15,81.95,82.97,83.4,81.01,83.05,83.03,82.88,"30,539","25,31,178.23",496
COMMOIETF,EQ,2024-02-16,83.03,83.76,83.88,83.06,83.55,83.26,83.46,"61,260","51,12,758.19",486
COMMOIETF,EQ,2024-02-19,83.26,83.87,84.05,83.38,83.68,83.68,83.75,"46,884","39,26,690.21",433
COMMOIETF,EQ,2024-02-20,83.68,83.3,84.5,82.23,83.6,83.56,83.36,"27,672","23,06,859.47",487
COMMOIETF,EQ,2024-02-21,83.56,83.86,84.37,82.54,83.1,82.77,83.32,"30,198","25,15,968.82",463
COMMOIETF,EQ,2024-02-22,82.77,83.19,83.5,82.08,83.06,83.42,82.58,"61,289","50,61,293.65",426
COMMOIETF,EQ,2024-02-23,83.42,84.14,84.14,83.02,83.5,83.39,83.4,"1,05,914","88,32,717.76",352
COMMOIETF,EQ,2024-02-26,83.39,83.97,83.97,82.7,83.34,83.06,83.05,"25,837","21,45,845.67",463
COMMOIETF,EQ,2024-02-27,83.06,83.11,83.31,82.64,83.14,82.98,82.94,"1,10,235","91,43,026.88",403
COMMOIETF,EQ,2024-02-28,82.98,83.97,83.97,81.25,81.36,81.48,82.07,"94,222","77,32,610.92",878
COMMOIETF,EQ,2024-02-29,81.48,82.23,82.23,81.0,82.05,81.84,81.57,"13,852","11,29,939.45",271
COMMOIETF,EQ,2024-03-01,81.84,82.23,83.95,81.0,83.95,83.81,83.42,"25,661","21,40,597.55",410
COMMOIETF,EQ,2024-03-02,83.81,84.1,85.5,82.53,84.07,84.1,84.18,"11,134","9,37,303.10",173
COMMOIETF,EQ,2024-03-04,84.1,84.97,84.97,84.2,84.78,84.76,84.66,"49,611","42,00,255.10",683
COMMOIETF,EQ,2024-03-05,84.76,84.71,85.0,84.5,85.0,84.97,84.87,"26,572","22,55,120.85",451
COMMOIETF,EQ,2024-03-06,84.97,84.97,85.5,83.31,84.9,84.68,83.98,"1,95,348","1,64,04,394.03",874
COMMOIETF,EQ,2024-03-07,84.68,84.69,85.5,84.69,85.01,85.11,85.21,"35,198","29,99,353.32",425
COMMOIETF,EQ,2024-03-11,85.11,85.12,85.77,84.5,84.64,84.64,84.99,"51,131","43,45,452.74",764
COMMOIETF,EQ,2024-03-12,84.64,85.14,85.15,83.23,83.94,83.66,83.91,"60,766","50,98,701.76",665
COMMOIETF,EQ,2024-03-13,83.66,83.77,84.58,79.25,79.7,80.27,80.95,"1,85,449","1,50,12,757.55","2,081"
COMMOIETF,EQ,2024-03-14,80.27,80.97,82.39,78.65,81.44,80.94,80.49,"1,65,530","1,33,24,304.37",726
COMMOIETF,EQ,2024-03-15,80.94,81.88,81.88,79.36,80.59,80.39,80.24,"57,874","46,43,604.91",653
COMMOIETF,EQ,2024-03-18,80.39,80.4,81.8,80.1,81.1,81.15,80.9,"20,789","16,81,784.64",326
COMMOIETF,EQ,2024-03-19,81.15,81.98,81.98,80.0,80.45,80.32,80.47,"38,640","31,09,414.68",437
COMMOIETF,EQ,2024-03-20,80.32,80.33,83.0,79.4,80.5,80.07,80.43,"32,445","26,09,430.60",419
COMMOIETF,EQ,2024-03-21,80.07,81.07,82.0,81.03,81.98,81.75,81.74,"31,699","25,90,986.22",301
COMMOIETF,EQ,2024-03-22,81.75,82.81,82.81,81.64,82.0,82.28,82.23,"34,083","28,02,733.75",310
COMMOIETF,EQ,2024-03-26,82.28,82.35,82.89,81.85,82.82,82.8,82.54,"77,363","63,85,485.44",346
COMMOIETF,EQ,2024-03-27,82.8,82.8,83.7,82.51,82.88,82.86,83.12,"36,732","30,53,079.88",346
COMMOIETF,EQ,2024-03-28,82.86,82.96,84.0,82.96,83.55,83.79,83.69,"24,795","20,75,188.73",278
COMMOIETF,EQ,2024-04-01,83.79,83.85,85.27,83.7,85.25,85.23,84.92,"67,189","57,05,724.63",597
COMMOIETF,EQ,2024-04-02,85.23,85.3,86.5,85.11,86.5,86.25,85.79,"1,31,334","1,12,66,640.60",624
COMMOIETF,EQ,2024-04-03,86.25,86.25,87.0,86.24,86.36,86.47,86.5,"48,508","41,95,866.36",581
COMMOIETF,EQ,2024-04-04,86.47,87.19,87.45,85.82,86.42,86.34,86.52,"1,63,312","1,41,29,939.09",747
COMMOIETF,EQ,2024-04-05,86.34,86.34,87.25,85.5,86.19,86.19,86.0,"85,332","73,38,714.34",890
COMMOIETF,EQ,2024-04-08,86.19,87.1,87.11,86.29,86.65,86.66,86.59,"34,503","29,87,731.94",422
COMMOIETF,EQ,2024-04-09,86.66,86.99,87.52,86.5,86.54,86.68,87.07,"71,801","62,51,934.63",487
COMMOIETF,EQ,2024-04-10,86.68,86.69,87.89,86.67,87.78,87.8,87.54,"91,120","79,77,081.67",619
COMMOIETF,EQ,2024-04-12,87.8,87.99,88.01,86.91,86.97,87.03,87.55,"1,27,685","1,11,78,379.27","1,022"
COMMOIETF,EQ,2024-04-15,87.03,89.65,89.65,84.5,86.92,86.34,85.9,"74,804","64,25,376.22",831
COMMOIETF,EQ,2024-04-16,86.34,87.64,87.64,85.51,86.35,86.28,86.28,"50,605","43,65,996.27",392
COMMOIETF,EQ,2024-04-18,86.28,86.31,87.45,85.24,85.9,86.08,86.79,"82,194","71,33,423.89",522
COMMOIETF,EQ,2024-04-19,86.08,85.49,85.9,84.03,85.9,85.81,85.22,"1,13,012","96,30,378.36",741
COMMOIETF,EQ,2024-04-22,85.81,86.99,86.99,86.01,86.41,86.3,86.35,"35,282","30,46,654.42",332
COMMOIETF,EQ,2024-04-23,86.3,86.99,87.0,86.01,86.01,86.24,86.35,"19,118","16,50,786.36",373
COMMOIETF,EQ,2024-04-24,86.24,86.94,87.5,86.44,87.33,87.16,87.16,"79,191","69,02,405.65",402
COMMOIETF,EQ,2024-04-25,87.16,88.14,88.15,86.85,88.0,87.84,87.27,"70,108","61,18,021.91",465
COMMOIETF,EQ,2024-04-26,87.84,87.91,88.97,87.55,88.05,88.01,88.06,"49,836","43,88,313.59",471
COMMOIETF,EQ,2024-04-29,88.01,88.74,88.98,88.05,88.45,88.52,88.47,"43,135","38,16,172.51",524
COMMOIETF,EQ,2024-04-30,88.52,89.44,89.44,88.15,89.0,88.53,88.88,"3,53,540","3,14,24,339.16",696
COMMOIETF,EQ,2024-05-02,88.53,88.53,89.49,88.41,89.15,89.3,89.1,"5,52,204","4,92,02,271.37",751
COMMOIETF,EQ,2024-05-03,89.3,89.31,90.0,88.25,89.27,89.02,89.24,"68,716","61,32,106.00",894
COMMOIETF,EQ,2024-05-06,89.02,89.05,90.1,87.25,88.3,87.98,88.05,"52,108","45,88,246.79",817
COMMOIETF,EQ,2024-05-07,87.98,88.06,88.94,85.75,86.35,86.04,86.28,"1,09,032","94,07,552.67","1,409"
COMMOIETF,EQ,2024-05-08,86.04,86.29,87.15,85.46,86.89,86.71,86.52,"25,995","22,49,174.89",436
COMMOIETF,EQ,2024-05-09,86.71,87.59,87.59,84.6,85.55,84.78,85.25,"88,158","75,15,254.65","1,343"
COMMOIETF,EQ,2024-05-10,84.78,86.19,86.19,84.61,85.54,85.91,85.66,"45,986","39,38,941.10",410
COMMOIETF,EQ,2024-05-13,85.91,85.9,86.98,84.1,85.5,85.66,85.01,"53,157","45,19,050.88","1,236"
COMMOIETF,EQ,2024-05-14,85.66,86.67,87.4,86.01,87.22,87.32,87.0,"2,36,778","2,05,98,642.76","4,015"
COMMOIETF,EQ,2024-05-15,87.32,87.99,88.25,87.32,88.18,87.85,87.96,"91,347","80,34,505.66","1,138"
COMMOIETF,EQ,2024-05-16,87.85,88.63,88.63,87.02,88.12,87.98,87.64,"1,03,941","91,09,148.25","1,375"
COMMOIETF,EQ,2024-05-17,87.98,88.42,88.85,87.86,88.7,88.69,88.65,"62,828","55,69,807.96","1,613"
COMMOIETF,EQ,2024-05-18,88.69,89.31,90.46,88.75,89.43,89.09,89.37,"19,308","17,25,551.69",215
COMMOIETF,EQ,2024-05-21,89.09,89.91,91.28,88.09,91.03,91.11,90.73,"2,17,716","1,97,52,881.99","1,368"
COMMOIETF,EQ,2024-05-22,91.11,91.12,92.2,90.41,91.45,91.39,91.09,"6,02,347","5,48,66,083.95","1,260"
COMMOIETF,EQ,2024-05-23,91.39,91.75,91.98,90.7,91.92,91.85,91.35,"95,381","87,13,083.29","2,626"
COMMOIETF,EQ,2024-05-24,91.85,92.48,92.5,91.05,91.8,91.68,92.07,"58,010","53,41,203.98","2,953"
COMMOIETF,EQ,2024-05-27,91.68,92.24,92.87,91.2,92.15,91.9,91.76,"42,225","38,74,649.60",949
COMMOIETF,EQ,2024-05-28,91.9,91.91,92.98,90.12,91.4,91.06,91.15,"74,090","67,53,213.38","1,409"
COMMOIETF,EQ,2024-05-29,91.06,91.21,92.7,90.05,90.6,90.24,90.42,"51,926","46,95,396.82","1,227"
COMMOIETF,EQ,2024-05-30,90.24,93.03,93.03,88.22,89.5,88.62,89.08,"1,20,383","1,07,23,986.64","2,803"
COMMOIETF,EQ,2024-05-31,88.62,89.67,90.5,88.74,90.2,89.3,89.46,"95,679","85,59,206.04","1,830"
COMMOIETF,EQ,2024-06-03,89.3,91.77,95.0,89.31,94.1,93.45,93.3,"2,23,873","2,08,86,421.93","2,643"
COMMOIETF,EQ,2024-06-04,93.45,93.45,94.73,84.5,90.0,89.31,88.5,"3,12,054","2,76,15,803.07","4,271"
COMMOIETF,EQ,2024-06-05,89.31,89.32,89.9,82.51,88.0,86.88,85.11,"2,28,008","1,94,05,140.47","3,294"
COMMOIETF,EQ,2024-06-06,86.88,89.0,89.86,86.0,88.7,88.44,89.03,"1,93,424","1,72,20,475.41","2,796"
COMMOIETF,EQ,2024-06-07,88.44,90.47,90.76,88.3,90.62,90.4,89.66,"1,72,074","1,54,28,528.95","1,620"
COMMOIETF,EQ,2024-06-10,90.4,93.1,93.1,89.9,91.11,91.07,90.95,"1,90,701","1,73,44,681.32","1,832"
COMMOIETF,EQ,2024-06-11,91.07,91.08,92.97,90.75,91.55,91.5,91.57,"55,091","50,44,741.87","1,156"
COMMOIETF,EQ,2024-06-12,91.5,93.0,93.0,91.57,92.03,92.07,92.02,"82,969","76,34,930.58","1,670"
COMMOIETF,EQ,2024-06-13,92.07,92.52,93.91,91.48,92.17,92.13,91.97,"1,33,345","1,22,64,371.69",945
COMMOIETF,EQ,2024-06-14,92.13,92.14,92.65,91.89,92.57,92.58,92.44,"1,92,011","1,77,48,622.60","2,957"
COMMOIETF,EQ,2024-06-18,92.58,93.11,93.21,92.04,92.8,92.51,92.46,"1,85,864","1,71,84,102.17","1,444"
COMMOIETF,EQ,2024-06-19,92.51,92.59,94.19,91.12,91.75,91.31,91.61,"2,28,409","2,09,25,112.44","4,390"
COMMOIETF,EQ,2024-06-20,91.31,92.19,92.34,91.11,92.15,92.13,91.92,"1,04,644","96,18,874.49",943
COMMOIETF,EQ,2024-06-21,92.13,92.33,92.33,91.4,91.75,91.72,91.9,"1,54,286","1,41,78,964.92","1,799"
COMMOIETF,EQ,2024-06-24,91.72,91.11,91.71,90.62,91.55,91.6,91.35,"2,27,126","2,07,46,837.83","3,304"
COMMOIETF,EQ,2024-06-25,91.6,93.0,93.0,90.91,91.14,91.08,91.22,"2,00,174","1,82,60,294.11","2,339"
COMMOIETF,EQ,2024-06-26,91.08,91.08,92.1,90.35,91.2,91.32,91.2,"1,01,819","92,85,971.03","3,551"
COMMOIETF,EQ,2024-06-27,91.32,92.29,92.5,91.23,92.42,92.26,92.14,"1,63,640","1,50,78,545.19",910
COMMOIETF,EQ,2024-06-28,92.26,92.99,93.3,91.5,92.5,92.92,92.86,"1,81,104","1,68,16,425.48","4,003"
COMMOIETF,EQ,2024-07-01,92.92,92.93,93.36,92.22,93.34,93.19,93.16,"56,448","52,58,631.75",853
COMMOIETF,EQ,2024-07-02,93.19,93.62,94.0,92.36,93.35,93.44,93.49,"82,084","76,74,009.71","1,466"
COMMOIETF,EQ,2024-07-03,93.44,94.01,94.01,92.99,93.66,93.59,93.45,"51,203","47,85,151.17","2,134"
COMMOIETF,EQ,2024-07-04,93.59,93.89,94.1,93.4,93.9,93.62,93.8,"79,361","74,43,844.49","2,079"
COMMOIETF,EQ,2024-07-05,93.62,93.88,94.2,93.35,94.1,94.1,93.96,"73,358","68,93,041.34",907
COMMOIETF,EQ,2024-07-08,94.1,94.35,94.35,93.46,94.3,94.06,93.93,"57,037","53,57,460.81","1,723"
COMMOIETF,EQ,2024-07-09,94.06,94.37,94.37,93.51,94.29,94.25,94.1,"53,979","50,79,455.82","1,935"
COMMOIETF,EQ,2024-07-10,94.25,94.69,94.69,92.41,93.25,93.78,93.48,"78,673","73,54,144.81","1,623"
COMMOIETF,EQ,2024-07-11,93.78,94.47,94.47,93.78,94.15,94.15,94.16,"48,176","45,36,174.50","2,499"
COMMOIETF,EQ,2024-07-12,94.15,94.36,94.49,93.77,94.19,94.15,94.13,"54,978","51,74,978.59","1,498"
COMMOIETF,EQ,2024-07-15,94.15,95.13,95.13,93.82,94.1,94.73,94.59,"64,339","60,86,015.08","1,768"
COMMOIETF,EQ,2024-07-16,94.73,95.12,95.53,94.03,95.0,94.94,95.22,"1,07,828","1,02,67,466.78","1,503"
COMMOIETF,EQ,2024-07-18,94.94,95.22,95.22,94.03,94.11,94.61,94.55,"66,863","63,22,185.01","2,118"
COMMOIETF,EQ,2024-07-19,94.61,94.61,94.83,92.0,93.5,92.54,92.87,"1,61,405","1,49,88,891.67","1,950"
COMMOIETF,EQ,2024-07-22,92.54,92.54,92.99,91.09,92.89,92.7,92.44,"1,22,290","1,13,04,620.79","3,410"
COMMOIETF,EQ,2024-07-23,92.7,92.44,93.56,89.35,92.7,92.32,91.82,"67,267","61,76,408.41","1,951"
COMMOIETF,EQ,2024-07-24,92.32,92.74,93.3,91.51,93.3,92.95,92.87,"41,225","38,28,485.12","1,019"
COMMOIETF,EQ,2024-07-25,92.95,92.89,93.3,91.61,93.3,93.1,92.66,"30,071","27,86,230.08","1,333"
COMMOIETF,EQ,2024-07-26,93.1,93.88,95.17,91.66,93.04,94.75,94.56,"88,385","83,57,689.52","1,879"
COMMOIETF,EQ,2024-07-29,94.75,94.75,95.8,94.27,95.27,95.49,95.51,"79,930","76,34,197.47","1,817"
COMMOIETF,EQ,2024-07-30,95.49,95.51,96.35,95.0,96.16,96.0,96.01,"76,924","73,85,590.09","2,092"
COMMOIETF,EQ,2024-07-31,96.0,96.0,96.98,95.17,96.66,96.8,96.69,"1,02,773","99,36,706.87","1,274"
COMMOIETF,EQ,2024-08-01,96.8,96.97,97.75,96.9,97.0,97.43,97.38,"1,24,734","1,21,46,088.99","1,370"
COMMOIETF,EQ,2024-08-02,97.43,97.86,97.86,94.65,95.2,95.66,96.13,"1,19,963","1,15,31,632.94","1,726"
COMMOIETF,EQ,2024-08-05,95.66,94.07,94.81,91.56,92.98,92.85,93.03,"1,29,665","1,20,62,442.32","2,392"
COMMOIETF,EQ,2024-08-06,92.85,93.88,94.85,91.45,92.82,91.79,92.9,"85,543","79,47,069.30","1,498"
COMMOIETF,EQ,2024-08-07,91.79,93.01,94.15,92.35,94.06,94.05,93.72,"32,550","30,50,542.39","1,046"
COMMOIETF,EQ,2024-08-08,94.05,94.05,97.6,92.68,96.0,95.11,94.0,"75,984","71,42,646.08","1,920"
COMMOIETF,EQ,2024-08-09,95.11,95.1,95.38,93.02,93.84,93.37,93.59,"5,43,444","5,08,63,116.06","3,418"
COMMOIETF,EQ,2024-08-12,93.37,90.55,95.14,90.55,93.21,93.2,93.04,"74,587","69,39,857.26","1,239"
COMMOIETF,EQ,2024-08-13,93.2,94.09,94.09,91.89,92.6,92.09,92.42,"1,13,256","1,04,67,302.89","2,468"
COMMOIETF,EQ,2024-08-14,92.09,92.74,92.75,90.97,91.4,91.41,91.44,"1,16,702","1,06,71,431.90","1,856"
COMMOIETF,EQ,2024-08-16,91.41,92.74,93.25,91.58,92.9,92.94,92.36,"1,26,063","1,16,43,692.53","1,653"
COMMOIETF,EQ,2024-08-19,92.94,92.94,94.12,92.43,94.0,93.86,93.67,"1,33,143","1,24,70,843.05","1,014"
COMMOIETF,EQ,2024-08-20,93.86,94.11,94.51,93.86,94.45,94.39,94.22,"51,781","48,78,988.78","1,904"
COMMOIETF,EQ,2024-08-21,94.39,94.39,94.9,94.06,94.9,94.81,94.62,"89,739","84,91,323.17","1,661"
COMMOIETF,EQ,2024-08-22,94.81,95.3,96.9,94.76,96.12,95.73,95.24,"82,194","78,27,974.74","1,168"
COMMOIETF,EQ,2024-08-23,95.73,95.7,95.89,94.8,95.3,94.98,95.12,"75,437","71,75,383.92","1,860"
COMMOIETF,EQ,2024-08-26,94.98,96.74,96.74,94.0,95.22,95.88,95.42,"1,46,084","1,39,39,538.38","2,169"
COMMOIETF,EQ,2024-08-27,95.88,95.88,95.9,95.23,95.5,95.45,95.61,"1,09,492","1,04,68,993.08","1,633"
COMMOIETF,EQ,2024-08-28,95.45,96.28,96.28,94.7,95.38,95.22,95.17,"65,239","62,08,533.14","1,960"
COMMOIETF,EQ,2024-08-29,95.22,96.21,96.21,93.65,94.94,95.14,94.73,"71,955","68,16,129.58","1,198"
COMMOIETF,EQ,2024-08-30,95.14,95.14,95.91,94.73,95.65,95.53,95.5,"58,161","55,54,643.86",577
COMMOIETF,EQ,2024-09-02,95.53,94.74,95.9,94.74,95.81,95.72,95.65,"60,285","57,66,017.00","2,055"
COMMOIETF,EQ,2024-09-03,95.72,95.89,96.0,95.12,95.7,95.4,95.41,"61,993","59,14,729.13","1,610"
COMMOIETF,EQ,2024-09-04,95.4,95.28,96.0,92.7,94.9,94.91,94.74,"57,768","54,73,127.86","1,430"
COMMOIETF,EQ,2024-09-05,94.91,94.9,96.7,93.76,94.97,94.81,95.34,"74,569","71,09,300.22","1,000"
COMMOIETF,EQ,2024-09-06,94.81,95.89,95.89,93.3,94.22,93.87,93.97,"89,441","84,04,679.67","1,289"
COMMOIETF,EQ,2024-09-09,93.87,94.49,94.5,92.41,93.55,93.01,92.95,"69,645","64,73,820.78","1,542"
COMMOIETF,EQ,2024-09-10,93.01,94.49,94.49,92.72,92.72,93.45,93.54,"25,765","24,10,085.29",484
COMMOIETF,EQ,2024-09-11,93.45,94.0,94.39,92.21,92.99,92.41,92.95,"49,663","46,16,202.62","1,283"
COMMOIETF,EQ,2024-09-12,92.41,93.49,94.25,92.41,94.0,94.14,93.44,"27,126","25,34,565.84",986
COMMOIETF,EQ,2024-09-13,94.14,94.8,94.9,93.69,94.88,94.37,94.51,"57,961","54,77,873.10",574
COMMOIETF,EQ,2024-09-16,94.37,95.38,95.6,94.37,95.3,94.96,95.11,"74,816","71,15,879.61",985
COMMOIETF,EQ,2024-09-17,94.96,95.79,95.79,94.0,94.9,95.01,94.99,"30,202","28,68,738.49","1,084"
COMMOIETF,EQ,2024-09-18,95.01,95.01,95.69,93.8,93.9,94.2,94.41,"44,816","42,31,216.31","1,633"
COMMOIETF,EQ,2024-09-19,94.2,94.94,94.94,93.01,93.97,93.87,93.77,"45,383","42,55,676.85","1,569"
COMMOIETF,EQ,2024-09-20,93.87,94.85,95.11,94.28,95.08,94.88,94.78,"59,030","55,94,765.83",680
COMMOIETF,EQ,2024-09-23,94.88,96.92,96.92,94.89,95.67,95.68,95.66,"1,10,559","1,05,75,954.43","1,502"
COMMOIETF,EQ,2024-09-24,95.68,96.4,96.9,95.68,96.81,96.68,96.51,"1,39,278","1,34,41,927.67","2,126"
COMMOIETF,EQ,2024-09-25,96.68,96.9,100.0,96.43,97.07,96.94,97.06,"1,23,838","1,20,19,511.16","1,554"
COMMOIETF,EQ,2024-09-26,96.94,96.84,97.9,96.39,97.01,97.75,97.31,"1,39,596","1,35,83,569.62","1,459"
COMMOIETF,EQ,2024-09-27,97.75,98.0,99.21,97.34,99.0,99.1,98.75,"1,82,227","1,79,95,270.67","1,990"
COMMOIETF,EQ,2024-09-30,99.1,99.1,99.65,98.05,98.5,98.77,98.97,"1,65,023","1,63,32,835.15","2,541"
COMMOIETF,EQ,2024-10-01,98.77,98.76,99.6,98.0,98.55,98.67,98.52,"13,85,626","13,65,18,678.95","1,542"
COMMOIETF,EQ,2024-10-03,98.67,98.67,101.33,96.63,97.86,97.4,97.47,"1,46,057","1,42,36,038.76","2,485"
COMMOIETF,EQ,2024-10-04,97.4,97.39,97.71,95.5,96.4,96.29,96.65,"60,870","58,82,789.88","1,915"
COMMOIETF,EQ,2024-10-07,96.29,97.67,97.67,93.1,96.24,94.82,94.45,"85,532","80,78,607.35","2,224"
COMMOIETF,EQ,2024-10-08,94.82,94.81,96.8,92.03,94.89,94.6,93.95,"52,612","49,42,681.41","1,308"
COMMOIETF,EQ,2024-10-09,94.6,94.99,95.68,93.44,94.31,94.27,94.67,"47,932","45,37,689.43","1,629"
COMMOIETF,EQ,2024-10-10,94.27,95.66,95.66,93.93,94.4,94.54,94.58,"31,674","29,95,883.75",697
COMMOIETF,EQ,2024-10-11,94.54,95.93,95.93,93.14,95.0,94.61,94.53,"29,637","28,01,720.84",982
COMMOIETF,EQ,2024-10-14,94.61,94.5,98.15,94.2,94.78,94.57,94.77,"1,43,663","1,36,14,906.05","1,186"
COMMOIETF,EQ,2024-10-15,94.57,97.0,97.0,93.78,94.4,94.18,94.12,"1,25,288","1,17,92,665.00","2,750"
COMMOIETF,EQ,2024-10-16,94.18,95.27,95.27,93.25,94.45,94.02,94.06,"35,699","33,57,704.56","1,584"
COMMOIETF,EQ,2024-10-17,94.02,94.99,95.28,91.43,93.48,92.71,92.74,"1,32,374","1,22,76,068.66","1,582"
COMMOIETF,EQ,2024-10-18,92.71,92.62,94.1,91.51,93.12,93.68,93.08,"1,24,466","1,15,84,676.23","2,582"
COMMOIETF,EQ,2024-10-21,93.68,97.83,97.83,92.44,92.8,92.57,92.89,"53,910","50,07,568.17","2,671"
COMMOIETF,EQ,2024-10-22,92.57,92.57,93.4,90.24,90.5,90.39,91.12,"76,164","69,40,251.29","2,269"
COMMOIETF,EQ,2024-10-23,90.39,91.79,91.79,89.03,90.0,90.06,90.08,"1,07,617","96,93,651.89","3,639"
COMMOIETF,EQ,2024-10-24,90.06,91.45,91.45,89.03,91.0,90.4,90.24,"59,988","54,13,071.05","1,291"
COMMOIETF,EQ,2024-10-25,90.4,90.99,90.99,87.71,88.85,88.38,88.66,"1,13,920","1,00,99,868.09","3,367"
COMMOIETF,EQ,2024-10-28,88.38,89.78,90.0,86.6,90.0,89.16,88.95,"54,238","48,24,365.60","1,908"
COMMOIETF,EQ,2024-10-29,89.16,92.79,92.79,87.83,89.7,89.71,88.9,"59,234","52,65,886.78","2,047"
COMMOIETF,EQ,2024-10-30,89.71,93.61,93.61,88.69,89.89,89.59,89.83,"56,545","50,79,321.57","1,510"
COMMOIETF,EQ,2024-10-31,89.59,90.96,90.96,88.23,90.4,89.79,89.6,"32,813","29,39,937.37","1,150"
COMMOIETF,EQ,2024-11-01,89.79,90.79,91.48,89.0,90.05,90.74,90.58,"9,188","8,32,288.68",343
COMMOIETF,EQ,2024-11-04,90.74,90.73,90.74,87.6,88.88,88.47,88.38,"1,14,658","1,01,34,047.14","3,540"
COMMOIETF,EQ,2024-11-05,88.47,89.8,89.8,87.72,89.8,89.56,88.99,"36,451","32,43,716.84",893
COMMOIETF,EQ,2024-11-06,89.56,89.99,91.76,89.07,91.52,91.38,90.75,"38,373","34,82,310.48","2,898"
COMMOIETF,EQ,2024-11-07,91.38,92.27,92.27,89.65,90.7,89.79,90.08,"39,115","35,23,344.36","1,587"
COMMOIETF,EQ,2024-11-08,89.79,89.81,90.95,88.13,89.46,88.57,88.66,"61,338","54,38,119.88","1,278"
COMMOIETF,EQ,2024-11-11,88.57,89.98,89.98,87.42,89.0,87.69,87.83,"1,09,620","96,27,857.19","2,410"
COMMOIETF,EQ,2024-11-12,87.69,88.01,88.88,86.4,86.6,86.58,87.32,"1,16,032","1,01,31,553.92","1,830"
COMMOIETF,EQ,2024-11-13,86.58,87.95,87.95,84.59,86.78,85.23,85.47,"85,354","72,95,513.78","2,848"
COMMOIETF,EQ,2024-11-14,85.23,85.24,86.28,84.39,84.85,84.69,84.91,"87,252","74,08,808.37","1,796"
COMMOIETF,EQ,2024-11-18,84.69,85.53,85.55,84.12,85.3,84.69,84.74,"63,893","54,14,474.90","1,219"
COMMOIETF,EQ,2024-11-19,84.69,85.06,86.25,84.22,85.92,84.39,84.79,"1,77,979","1,50,91,149.70","3,142"
COMMOIETF,EQ,2024-11-21,84.39,86.9,86.9,81.86,83.35,82.7,82.65,"2,91,770","2,41,13,936.61","4,507"
COMMOIETF,EQ,2024-11-22,82.7,83.1,84.77,82.34,84.77,83.89,83.57,"90,110","75,30,840.38","1,468"
COMMOIETF,EQ,2024-11-25,83.89,85.01,85.67,84.23,85.4,84.63,85.01,"98,961","84,12,565.41","1,291"
COMMOIETF,EQ,2024-11-26,84.63,84.98,85.4,83.95,84.33,84.09,84.29,"1,16,215","97,96,058.53","2,027"
COMMOIETF,EQ,2024-11-27,84.09,84.09,85.9,83.51,85.9,85.2,84.89,"87,548","74,31,634.75","1,806"
COMMOIETF,EQ,2024-11-28,85.2,85.83,86.0,84.65,85.95,84.82,85.21,"86,242","73,48,728.27","1,530"
COMMOIETF,EQ,2024-11-29,84.82,85.5,86.26,85.02,86.06,85.94,85.7,"65,527","56,15,579.72",818
COMMOIETF,EQ,2024-12-02,85.94,86.14,86.9,85.71,86.65,86.68,86.41,"88,502","76,47,328.82","1,676"
COMMOIETF,EQ,2024-12-03,86.68,86.81,87.81,86.74,87.6,87.67,87.44,"1,16,568","1,01,92,998.18","1,897"
COMMOIETF,EQ,2024-12-04,87.67,87.67,87.95,87.12,87.12,87.51,87.59,"87,762","76,86,845.44","1,396"
COMMOIETF,EQ,2024-12-05,87.51,88.17,88.17,86.77,87.9,87.85,87.74,"1,49,951","1,31,56,009.41","1,335"
COMMOIETF,EQ,2024-12-06,87.85,87.9,88.69,87.86,87.93,88.17,88.23,"53,800","47,46,897.38","1,095"
COMMOIETF,EQ,2024-12-09,88.17,88.9,88.9,87.87,88.07,88.28,88.14,"44,079","38,85,270.22",884
COMMOIETF,EQ,2024-12-10,88.28,88.29,88.65,87.64,88.19,88.08,88.13,"33,436","29,46,773.37",663
COMMOIETF,EQ,2024-12-11,88.08,88.19,88.75,87.55,88.28,88.13,88.4,"31,695","28,01,750.15",802
COMMOIETF,EQ,2024-12-12,88.13,88.62,88.62,87.45,88.14,87.86,87.82,"32,012","28,11,407.38","2,104"
COMMOIETF,EQ,2024-12-13,87.86,87.86,88.14,86.09,88.13,88.03,86.94,"37,813","32,87,545.51","2,329"
COMMOIETF,EQ,2024-12-16,88.03,88.33,88.35,87.1,87.45,87.41,87.47,"76,979","67,33,197.23","2,227"
COMMOIETF,EQ,2024-12-17,87.41,87.41,87.43,85.85,86.04,86.06,86.18,"1,14,498","98,67,286.89","2,051"
COMMOIETF,EQ,2024-12-18,86.06,86.06,86.23,84.75,85.97,84.98,85.1,"80,156","68,20,876.67","1,611"
COMMOIETF,EQ,2024-12-19,84.98,84.76,87.99,83.28,84.1,84.48,84.18,"1,22,942","1,03,49,225.60","1,589"
COMMOIETF,EQ,2024-12-20,84.48,84.48,85.25,82.45,85.02,82.7,83.15,"1,27,763","1,06,23,973.66","2,194"
COMMOIETF,EQ,2024-12-23,82.7,83.06,83.93,82.7,83.25,83.26,83.16,"37,039","30,80,126.24",640
COMMOIETF,EQ,2024-12-24,83.26,83.26,83.65,82.7,83.65,82.86,82.94,"38,507","31,93,583.66",905
COMMOIETF,EQ,2024-12-26,82.86,83.27,85.29,82.6,84.19,82.97,82.89,"63,421","52,56,821.18",935
COMMOIETF,EQ,2024-12-27,82.97,82.98,84.79,82.27,82.95,82.35,82.56,"80,140","66,16,304.76","2,168"
COMMOIETF,EQ,2024-12-30,82.35,82.35,82.6,81.38,82.28,81.62,81.83,"71,623","58,61,182.86","1,429"
COMMOIETF,EQ,2024-12-31,81.62,81.62,82.5,81.08,82.28,81.97,81.66,"28,735","23,46,419.37","1,050"
COMMOIETF,EQ,2025-01-01,81.97,81.91,83.7,81.13,83.5,82.02,81.9,"50,918","41,70,074.94",845
COMMOIETF,EQ,2025-01-02,82.02,82.3,83.25,81.76,83.22,83.12,82.52,"25,584","21,11,155.21",624
COMMOIETF,EQ,2025-01-03,83.12,83.46,84.0,83.03,83.83,83.61,83.64,"33,628","28,12,711.30","1,325"
COMMOIETF,EQ,2025-01-06,83.61,83.96,84.95,80.53,82.11,81.06,82.24,"2,40,333","1,97,64,903.89","3,085"
COMMOIETF,EQ,2025-01-07,81.06,88.5,88.5,81.24,82.35,81.82,81.95,"2,36,564","1,93,86,114.53","1,146"
COMMOIETF,EQ,2025-01-08,81.82,82.18,82.35,81.08,82.35,81.9,81.2,"66,190","53,74,841.89",685
COMMOIETF,EQ,2025-01-09,81.9,81.9,82.58,80.75,81.05,80.93,81.09,"28,121","22,80,440.22",791
COMMOIETF,EQ,2025-01-10,80.93,80.75,80.93,79.0,79.48,79.47,79.68,"92,056","73,35,276.74","1,876"
COMMOIETF,EQ,2025-01-13,79.47,79.47,79.47,76.64,79.0,77.02,77.64,"1,07,596","83,53,485.01","2,160"
COMMOIETF,EQ,2025-01-14,77.02,77.66,79.38,77.66,79.38,79.14,78.78,"28,996","22,84,268.68","1,099"
COMMOIETF,EQ,2025-01-15,79.14,79.7,80.31,79.36,80.29,79.82,79.81,"28,557","22,79,230.30",776
COMMOIETF,EQ,2025-01-16,79.82,80.29,81.07,80.29,81.06,80.85,80.99,"29,13,676","23,59,84,374.13","18,937"
COMMOIETF,EQ,2025-01-17,80.85,81.34,82.0,80.59,81.94,81.7,81.51,"28,316","23,07,982.66",667
COMMOIETF,EQ,2025-01-20,81.7,84.89,84.89,81.13,82.29,82.21,81.95,"38,650","31,67,256.46",516
COMMOIETF,EQ,2025-01-21,82.21,82.59,82.75,81.0,81.88,81.17,81.66,"57,676","47,09,673.38",696
COMMOIETF,EQ,2025-01-22,81.17,83.6,83.61,79.86,80.1,80.71,80.57,"65,247","52,57,226.65",813
COMMOIETF,EQ,2025-01-23,80.71,81.22,81.82,80.51,81.75,81.69,81.43,"53,964","43,94,228.67",702
COMMOIETF,EQ,2025-01-24,81.69,81.87,82.86,80.5,80.5,81.07,81.45,"1,14,989","93,65,641.25",424
COMMOIETF,EQ,2025-01-27,81.07,80.41,80.5,79.05,79.33,79.38,79.57,"56,113","44,64,640.46",932
COMMOIETF,EQ,2025-01-28,79.38,79.77,80.58,78.02,80.41,78.86,78.68,"72,736","57,23,120.37","1,046"
COMMOIETF,EQ,2025-01-29,78.86,78.61,80.3,78.61,79.8,79.9,79.61,"30,089","23,95,510.76",635
COMMOIETF,EQ,2025-01-30,79.9,80.02,80.83,80.0,80.83,80.61,80.62,"1,56,004","1,25,77,577.94","1,294"
COMMOIETF,EQ,2025-01-31,80.61,80.61,83.02,79.53,82.0,81.77,80.94,"45,686","36,97,616.26",645
COMMOIETF,EQ,2025-02-01,81.77,82.0,82.26,79.73,80.73,80.77,80.97,"70,161","56,81,259.55",699
COMMOIETF,EQ,2025-02-03,80.77,80.22,80.22,78.5,79.76,79.48,79.08,"94,851","75,01,026.12","1,170"
COMMOIETF,EQ,2025-02-04,79.48,79.82,83.67,79.82,83.67,81.12,80.72,"49,922","40,29,935.04",685
COMMOIETF,EQ,2025-02-05,81.12,81.83,82.0,81.2,81.81,81.69,81.83,"2,82,218","2,30,93,649.02",882
COMMOIETF,EQ,2025-02-06,81.69,81.69,82.37,80.81,81.28,81.24,81.25,"35,699","29,00,662.42","1,141"
COMMOIETF,EQ,2025-02-07,81.24,81.22,82.15,80.13,82.15,81.84,81.3,"40,506","32,93,089.57",641
COMMOIETF,EQ,2025-02-10,81.84,81.84,81.84,79.59,80.5,80.36,80.3,"55,633","44,67,263.87","1,011"
COMMOIETF,EQ,2025-02-11,80.36,80.02,80.48,78.56,79.0,79.01,79.17,"30,320","24,00,514.98",652
COMMOIETF,EQ,2025-02-12,79.01,80.07,80.07,77.1,79.34,78.97,78.56,"53,315","41,88,560.46",787
COMMOIETF,EQ,2025-02-13,78.97,79.34,80.19,78.51,79.08,79.19,79.55,"34,266","27,25,852.61","1,386"
COMMOIETF,EQ,2025-02-14,79.19,80.09,80.09,77.01,78.6,77.96,78.0,"53,593","41,80,181.32","1,334"
COMMOIETF,EQ,2025-02-17,77.96,77.96,78.59,76.4,78.11,78.3,77.58,"68,466","53,11,513.22","1,187"
COMMOIETF,EQ,2025-02-18,78.3,78.3,78.98,77.25,78.1,78.52,78.06,"34,348","26,81,207.20","1,026"
COMMOIETF,EQ,2025-02-19,78.52,78.52,79.55,78.0,79.0,79.05,79.08,"33,463","26,46,199.60",278
COMMOIETF,EQ,2025-02-20,79.05,79.0,80.5,79.0,80.3,80.26,80.13,"47,877","38,36,373.57",965
COMMOIETF,EQ,2025-02-21,80.26,80.5,80.98,79.76,80.49,80.25,80.31,"1,06,656","85,65,155.43",808
COMMOIETF,EQ,2025-02-24,80.25,80.3,80.97,78.85,79.2,79.2,79.29,"67,898","53,83,634.61",528
COMMOIETF,EQ,2025-02-25,79.2,79.2,79.2,78.23,78.55,78.36,78.55,"13,737","10,79,007.65",423
COMMOIETF,EQ,2025-02-27,78.36,78.36,78.5,77.29,77.55,78.02,77.76,"19,721","15,33,496.49","5,087"
COMMOIETF,EQ,2025-02-28,78.02,78.02,82.0,76.17,76.73,77.83,77.09,"46,964","36,20,536.49","1,346"
COMMOIETF,EQ,2025-03-03,77.83,77.83,78.97,75.65,76.65,77.28,76.44,"66,620","50,92,317.47","2,123"
COMMOIETF,EQ,2025-03-04,77.28,76.75,77.8,76.28,77.8,77.57,77.19,"49,088","37,89,274.41",344
COMMOIETF,EQ,2025-03-05,77.57,78.0,79.93,77.98,79.93,79.75,79.23,"50,623","40,10,663.16",502
COMMOIETF,EQ,2025-03-06,79.75,80.12,81.8,79.76,80.75,80.99,80.8,"91,084","73,59,327.19","1,001"
COMMOIETF,EQ,2025-03-07,80.99,80.99,81.82,80.99,81.5,81.49,81.48,"78,229","63,73,819.98","1,306"
COMMOIETF,EQ,2025-03-10,81.49,81.48,82.4,80.72,80.83,80.98,81.51,"91,100","74,25,761.43","1,141"
COMMOIETF,EQ,2025-03-11,80.98,80.72,81.34,79.81,81.25,81.26,80.95,"45,541","36,86,434.55",313
COMMOIETF,EQ,2025-03-12,81.26,81.62,82.17,80.25,81.74,81.54,81.34,"54,698","44,49,305.73","2,016"
COMMOIETF,EQ,2025-03-13,81.54,81.32,81.84,80.67,80.67,80.79,81.17,"30,444","24,71,009.86",656
COMMOIETF,EQ,2025-03-17,80.79,83.2,83.2,80.92,81.02,81.34,81.31,"28,286","22,99,903.71",427
COMMOIETF,EQ,2025-03-18,81.34,82.0,83.14,81.68,82.62,82.5,82.21,"78,852","64,82,282.15","1,351"
COMMOIETF,EQ,2025-03-19,82.5,82.98,83.9,82.88,83.49,83.66,83.41,"1,05,474","87,97,779.79","1,263"
COMMOIETF,EQ,2025-03-20,83.66,83.67,84.43,83.24,84.35,84.3,83.96,"90,760","76,19,951.95","1,448"
COMMOIETF,EQ,2025-03-21,84.3,84.49,85.61,84.07,85.0,85.03,85.04,"1,47,337","1,25,29,583.29",836
COMMOIETF,EQ,2025-03-24,85.03,85.59,86.25,84.83,85.81,86.03,85.99,"1,26,592","1,08,85,505.78","1,375"
COMMOIETF,EQ,2025-03-25,86.03,86.2,86.57,85.28,85.5,85.6,85.7,"1,43,742","1,23,18,346.63",756
COMMOIETF,EQ,2025-03-26,85.6,85.6,85.99,83.83,84.31,84.75,85.28,"69,529","59,29,589.56","2,339"
COMMOIETF,EQ,2025-03-27,84.75,84.71,86.1,84.5,86.1,85.8,85.32,"67,191","57,32,913.12","1,063"
COMMOIETF,EQ,2025-03-28,85.8,85.8,86.5,84.23,85.0,85.4,85.93,"52,470","45,08,544.67","1,463"
COMMOIETF,EQ,2025-04-01,85.4,85.41,86.09,84.65,85.21,84.83,85.1,"29,920","25,46,166.57",454
COMMOIETF,EQ,2025-04-02,84.83,84.52,85.37,84.04,85.31,85.22,84.92,"52,665","44,72,122.59",579
COMMOIETF,EQ,2025-04-03,85.22,84.0,85.62,82.99,85.43,85.32,85.15,"29,344","24,98,577.62",945
COMMOIETF,EQ,2025-04-04,85.32,85.32,85.43,81.99,82.57,82.41,82.94,"1,05,766","87,71,750.21","2,249"
COMMOIETF,EQ,2025-04-07,82.41,80.8,83.47,75.61,78.5,79.89,78.77,"86,902","68,44,872.29","3,080"
COMMOIETF,EQ,2025-04-08,79.89,80.92,81.58,79.43,80.95,80.75,80.22,"65,626","52,64,773.12","2,780"
COMMOIETF,EQ,2025-04-09,80.75,83.15,83.15,79.34,80.4,80.22,80.25,"1,11,312","89,33,193.31","1,010"
COMMOIETF,EQ,2025-04-11,80.22,81.79,82.89,81.5,82.41,82.51,82.3,"34,072","28,04,145.26","1,633"
COMMOIETF,EQ,2025-04-15,82.51,82.51,84.5,82.51,84.02,84.2,83.98,"30,096","25,27,418.42",467
COMMOIETF,EQ,2025-04-16,84.2,86.75,86.75,83.72,83.72,84.44,84.23,"36,508","30,75,171.65","1,362"
COMMOIETF,EQ,2025-04-17,84.44,83.99,85.37,83.67,85.3,85.15,84.85,"64,220","54,49,372.06",386
COMMOIETF,EQ,2025-04-21,85.15,84.05,86.66,84.05,86.53,86.31,86.36,"81,622","70,48,656.31","2,995"
COMMOIETF,EQ,2025-04-22,86.31,86.66,87.0,85.93,86.25,86.22,86.63,"46,957","40,67,836.96","1,039"
COMMOIETF,EQ,2025-04-23,86.22,86.93,87.0,85.51,86.78,86.65,86.28,"61,707","53,24,047.69",485
COMMOIETF,EQ,2025-04-24,86.65,86.92,86.99,86.03,86.99,86.86,86.79,"43,891","38,09,303.32","2,151"
COMMOIETF,EQ,2025-04-25,86.86,86.9,87.48,84.45,85.7,85.57,85.65,"71,360","61,12,042.51",784
COMMOIETF,EQ,2025-04-28,85.57,86.0,87.05,85.55,86.86,86.85,86.71,"66,995","58,08,878.55",415
COMMOIETF,EQ,2025-04-29,86.85,87.52,87.52,86.22,86.95,86.37,86.82,"38,190","33,15,465.04","1,034"
COMMOIETF,EQ,2025-04-30,86.37,86.73,86.77,85.65,85.7,86.26,86.29,"21,633","18,66,726.01","1,206"
COMMOIETF,EQ,2025-05-02,86.26,86.26,87.1,85.24,85.38,85.94,85.92,"49,318","42,37,470.31",519
COMMOIETF,EQ,2025-05-05,85.94,86.3,86.95,85.69,86.7,86.58,86.46,"33,449","28,91,969.59",575
COMMOIETF,EQ,2025-05-06,86.58,87.0,87.0,85.0,85.0,85.3,85.66,"46,483","39,81,836.78","1,299"
COMMOIETF,EQ,2025-05-07,85.3,84.87,85.98,84.7,85.75,85.59,85.41,"37,498","32,02,626.68",320
COMMOIETF,EQ,2025-05-08,85.59,85.99,86.34,84.01,86.0,84.38,84.91,"16,053","13,62,993.48",676
COMMOIETF,EQ,2025-05-09,84.38,83.42,84.11,82.81,84.11,83.95,83.37,"58,721","48,95,571.09",726
COMMOIETF,EQ,2025-05-12,83.95,85.47,87.49,84.92,87.44,87.24,86.78,"2,41,158","2,09,28,772.86","1,532"
COMMOIETF,EQ,2025-05-13,87.24,87.24,87.3,86.07,86.31,86.39,86.61,"32,077","27,78,287.12","2,650"
COMMOIETF,EQ,2025-05-14,86.39,86.98,87.45,86.13,87.0,87.17,87.13,"47,170","41,09,981.11",433
COMMOIETF,EQ,2025-05-15,87.17,87.59,88.55,87.17,88.01,88.43,88.07,"1,01,831","89,68,503.57","1,414"
COMMOIETF,EQ,2025-05-16,88.43,88.75,89.2,87.76,88.03,88.68,88.74,"77,163","68,47,078.46",917
COMMOIETF,EQ,2025-05-19,88.68,88.8,90.96,88.41,88.53,88.76,88.9,"59,864","53,21,994.63",660
COMMOIETF,EQ,2025-05-20,88.76,88.99,89.24,87.75,88.04,87.85,88.8,"1,19,455","1,06,07,208.13","1,245"
COMMOIETF,EQ,2025-05-21,87.85,88.28,89.0,87.61,89.0,88.33,88.1,"37,396","32,94,444.77",506
COMMOIETF,EQ,2025-05-22,88.33,87.53,88.5,86.75,88.49,87.45,87.21,"49,971","43,57,778.45","1,037"
COMMOIETF,EQ,2025-05-23,87.45,87.71,88.29,87.56,88.1,88.08,87.98,"58,643","51,59,305.83",497
COMMOIETF,EQ,2025-05-26,88.08,88.52,88.94,88.12,88.6,88.35,88.46,"29,903","26,45,206.59",432
COMMOIETF,EQ,2025-05-27,88.35,88.12,88.9,87.35,88.9,87.98,87.8,"1,04,189","91,47,648.60","1,385"
COMMOIETF,EQ,2025-05-28,87.98,88.52,88.52,87.25,87.69,87.5,87.53,"1,00,918","88,33,147.62",826
COMMOIETF,EQ,2025-05-29,87.5,87.71,87.85,87.25,87.84,87.76,87.59,"54,565","47,79,582.88","1,082"
COMMOIETF,EQ,2025-05-30,87.76,90.39,90.39,86.66,87.3,86.87,87.02,"1,06,065","92,29,752.85",994
COMMOIETF,EQ,2025-06-02,86.87,86.77,86.99,85.77,86.98,86.65,86.46,"1,46,104","1,26,32,602.58","2,400"
COMMOIETF,EQ,2025-06-03,86.65,86.66,87.56,85.64,86.99,86.72,86.23,"3,50,749","3,02,45,432.60","1,207"
COMMOIETF,EQ,2025-06-04,86.72,88.89,91.0,85.55,86.54,86.55,86.24,"1,33,410","1,15,04,836.60","1,132"
COMMOIETF,EQ,2025-06-05,86.55,86.94,87.38,86.45,87.08,86.77,86.92,"8,24,820","7,16,90,075.34","2,507"
COMMOIETF,EQ,2025-06-06,86.77,87.33,87.85,86.7,87.59,87.65,87.37,"63,982","55,90,194.88","1,339"
COMMOIETF,EQ,2025-06-09,87.65,88.49,88.49,87.81,88.25,88.23,88.13,"80,436","70,89,132.80","1,722"
COMMOIETF,EQ,2025-06-10,88.23,88.5,89.09,88.5,88.53,88.78,88.86,"74,236","65,96,414.26",690
COMMOIETF,EQ,2025-06-11,88.78,88.8,89.7,88.75,88.95,89.15,89.35,"1,04,011","92,93,306.57",932
COMMOIETF,EQ,2025-06-12,89.15,89.16,89.64,87.54,87.88,87.96,88.28,"50,990","45,01,431.00",814
COMMOIETF,EQ,2025-06-13,87.96,87.29,87.54,86.03,87.54,87.36,87.14,"72,910","63,53,241.52","1,469"
COMMOIETF,EQ,2025-06-16,87.36,87.79,88.8,86.11,88.15,88.31,87.79,"84,824","74,46,468.61","3,046"
COMMOIETF,EQ,2025-06-17,88.31,88.68,88.68,87.22,87.75,87.4,87.54,"73,564","64,40,136.66","1,528"
COMMOIETF,EQ,2025-06-18,87.4,87.82,87.82,86.67,87.54,87.18,87.08,"32,901","28,64,988.93","1,491"
COMMOIETF,EQ,2025-06-19,87.18,87.0,87.33,86.1,87.1,86.5,86.54,"58,401","50,53,765.88","1,813"
COMMOIETF,EQ,2025-06-20,86.5,86.56,87.49,86.13,87.35,87.28,87.06,"63,618","55,38,717.90","1,077"
COMMOIETF,EQ,2025-06-23,87.28,86.99,87.5,86.29,87.5,87.45,86.99,"67,405","58,63,590.46","1,248"
COMMOIETF,EQ,2025-06-24,87.45,87.74,88.59,87.6,87.83,88.0,88.02,"66,480","58,51,318.68",484
COMMOIETF,EQ,2025-06-25,88.0,88.01,88.69,88.01,88.28,88.3,88.28,"46,846","41,35,340.08","1,835"
COMMOIETF,EQ,2025-06-26,88.3,88.48,89.92,88.1,88.1,89.81,89.36,"1,70,014","1,51,93,169.98","1,431"
COMMOIETF,EQ,2025-06-27,89.81,90.08,90.63,89.87,90.45,90.48,90.42,"1,83,422","1,65,84,418.12","1,206"
COMMOIETF,EQ,2025-06-30,90.48,93.16,93.16,89.83,90.3,90.17,90.31,"90,212","81,46,846.11","3,277"
COMMOIETF,EQ,2025-07-01,90.17,90.23,90.59,89.95,90.44,90.4,90.29,"59,613","53,82,500.57","1,607"
COMMOIETF,EQ,2025-07-02,90.4,90.58,91.18,89.95,90.5,90.96,90.77,"1,28,717","1,16,84,070.39",886
COMMOIETF,EQ,2025-07-03,90.96,90.89,91.54,90.52,90.75,90.81,91.13,"1,25,261","1,14,15,463.63","1,920"
COMMOIETF,EQ,2025-07-04,90.81,91.52,91.52,90.31,90.8,90.9,90.69,"39,724","36,02,576.56","1,430"
COMMOIETF,EQ,2025-07-07,90.9,90.79,91.35,90.53,90.7,90.81,90.82,"34,114","30,98,114.03",574
COMMOIETF,EQ,2025-07-08,90.81,90.8,91.3,90.15,90.25,91.0,91.03,"59,304","53,98,184.63",964
COMMOIETF,EQ,2025-07-09,91.0,91.49,91.49,90.5,90.94,90.67,90.83,"30,844","28,01,593.35",417
COMMOIETF,EQ,2025-07-10,90.67,90.57,91.33,90.35,90.87,90.67,90.77,"22,057","20,02,073.28","1,337"
COMMOIETF,EQ,2025-07-11,90.67,90.34,90.78,89.57,90.0,90.02,90.19,"20,631","18,60,789.24",485
COMMOIETF,EQ,2025-07-14,90.02,90.53,90.68,89.73,90.08,90.45,90.34,"2,10,226","1,89,91,926.75","2,463"
COMMOIETF,EQ,2025-07-15,90.45,90.85,90.85,90.09,90.6,90.6,90.6,"9,25,851","8,38,83,816.05","2,546"
COMMOIETF,EQ,2025-07-16,90.6,90.21,90.63,90.03,90.51,90.54,90.34,"22,787","20,58,551.79",323
COMMOIETF,EQ,2025-07-17,90.54,90.54,91.04,90.18,90.54,90.75,90.63,"14,360","13,01,431.76",826
COMMOIETF,EQ,2025-07-18,90.75,90.75,91.0,90.0,90.54,90.31,90.38,"14,134","12,77,362.54",427
COMMOIETF,EQ,2025-07-21,90.31,88.91,90.73,88.91,90.24,90.33,90.22,"68,303","61,62,001.16","2,551"
COMMOIETF,EQ,2025-07-22,90.33,90.34,90.98,89.99,90.3,90.21,90.26,"27,661","24,96,584.98","2,067"
COMMOIETF,EQ,2025-07-23,90.21,90.22,90.68,89.98,90.29,90.47,90.36,"69,000","62,34,949.61",792
COMMOIETF,EQ,2025-07-24,90.47,88.38,92.19,88.38,90.25,89.94,90.1,"21,646","19,50,394.65","1,123"
COMMOIETF,EQ,2025-07-25,89.94,89.94,89.94,88.52,89.1,88.77,89.07,"22,650","20,17,416.55",556
COMMOIETF,EQ,2025-07-28,88.77,89.04,89.3,88.26,88.27,88.61,88.65,"45,715","40,52,541.43","5,463"
COMMOIETF,EQ,2025-07-29,88.61,88.17,89.41,88.17,88.95,89.11,88.88,"25,256","22,44,752.86",721
COMMOIETF,EQ,2025-07-30,89.11,89.75,89.91,89.17,89.58,89.45,89.46,"60,194","53,85,094.93","1,249"
COMMOIETF,EQ,2025-07-31,89.45,89.9,89.9,88.17,88.7,88.43,88.79,"33,469","29,71,695.98","2,174"
COMMOIETF,EQ,2025-08-01,88.43,88.55,88.78,87.07,87.69,87.33,87.67,"49,979","43,81,621.75","1,474"
COMMOIETF,EQ,2025-08-04,87.33,87.97,88.73,86.99,88.73,88.38,88.03,"21,240","18,69,684.39",391
COMMOIETF,EQ,2025-08-05,88.38,91.03,91.03,88.06,88.73,88.6,88.34,"16,103","14,22,541.29","1,173"
COMMOIETF,EQ,2025-08-06,88.6,89.02,89.02,87.82,87.82,87.98,88.07,"22,164","19,52,045.38","3,166"
COMMOIETF,EQ,2025-08-07,87.98,87.56,88.34,86.8,88.08,88.15,87.58,"1,09,381","95,79,486.83","1,115"
COMMOIETF,EQ,2025-08-08,88.15,88.54,88.54,87.37,87.37,87.72,87.84,"12,749","11,19,888.96",306
COMMOIETF,EQ,2025-08-11,87.72,88.01,88.73,87.4,88.71,88.32,87.91,"18,767","16,49,841.79","1,082"
COMMOIETF,EQ,2025-08-12,88.32,88.32,88.68,88.11,88.21,88.23,88.33,"71,485","63,13,932.41",625
COMMOIETF,EQ,2025-08-13,88.23,88.56,89.07,88.28,88.41,88.62,88.73,"11,532","10,23,199.71","1,532"
COMMOIETF,EQ,2025-08-14,88.62,88.62,88.62,87.6,88.28,87.99,87.94,"15,956","14,03,228.66",930
COMMOIETF,EQ,2025-08-18,87.99,88.42,89.5,88.41,88.7,89.17,89.01,"22,913","20,39,585.02","1,575"
COMMOIETF,EQ,2025-08-19,89.17,89.16,89.91,89.06,89.91,89.67,89.5,"25,712","23,01,186.98",319
COMMOIETF,EQ,2025-08-20,89.67,89.9,90.02,89.36,89.89,89.97,89.7,"49,456","44,36,126.27",895
COMMOIETF,EQ,2025-08-21,89.97,90.38,90.38,89.05,90.0,89.61,89.96,"16,605","14,93,758.23","1,394"
COMMOIETF,EQ,2025-08-22,89.61,89.76,90.12,88.61,89.35,88.96,89.14,"27,232","24,27,440.95",399
COMMOIETF,EQ,2025-08-25,88.96,88.97,89.43,87.89,89.43,89.18,89.11,"37,853","33,72,981.64",410
COMMOIETF,EQ,2025-08-26,89.18,89.01,89.42,87.9,88.01,88.07,88.36,"22,784","20,13,083.90",479
COMMOIETF,EQ,2025-08-28,88.07,88.28,88.28,87.08,87.4,87.12,87.24,"71,958","62,77,902.83","3,951"
COMMOIETF,EQ,2025-08-29,87.12,87.13,87.62,86.79,87.26,87.13,87.03,"31,144","27,10,427.37",343
COMMOIETF,EQ,2025-09-01,87.13,88.8,89.87,87.12,88.32,88.19,87.57,"39,266","34,38,621.70",391
COMMOIETF,EQ,2025-09-02,88.19,87.92,89.0,87.59,88.78,88.07,88.46,"36,455","32,24,768.74",301
COMMOIETF,EQ,2025-09-03,88.07,88.97,89.82,88.92,89.69,89.58,89.3,"55,142","49,23,932.27",386
COMMOIETF,EQ,2025-09-04,89.58,91.41,92.27,88.6,89.31,89.14,89.47,"43,155","38,61,243.75","2,120"
COMMOIETF,EQ,2025-09-05,89.14,89.75,89.75,88.5,89.5,89.21,89.0,"19,713","17,54,478.28",324
COMMOIETF,EQ,2025-09-08,89.21,91.09,91.09,89.21,89.8,89.49,89.7,"20,660","18,53,220.34","1,345"
COMMOIETF,EQ,2025-09-09,89.49,89.93,89.96,89.19,89.32,89.59,89.52,"4,98,393","4,46,15,217.46",725
COMMOIETF,EQ,2025-09-10,89.59,89.6,90.3,89.45,89.8,89.76,89.69,"5,80,886","5,20,99,052.42",591
COMMOIETF,EQ,2025-09-11,89.76,89.76,90.32,89.69,90.1,90.09,90.06,"7,54,187","6,79,19,622.38",347
COMMOIETF,EQ,2025-09-12,90.09,90.28,90.5,90.0,90.5,90.4,90.31,"26,837","24,23,527.45",358
COMMOIETF,EQ,2025-09-15,90.4,90.79,91.09,90.06,90.31,90.33,90.43,"49,345","44,62,264.48","2,354"
COMMOIETF,EQ,2025-09-16,90.33,90.34,91.19,90.34,91.16,91.13,90.99,"77,718","70,71,317.52",420
COMMOIETF,EQ,2025-09-17,91.13,91.16,91.73,90.82,91.01,91.24,91.27,"83,545","76,25,007.04",865
COMMOIETF,EQ,2025-09-18,91.24,91.25,91.69,90.39,91.28,91.24,91.2,"70,800","64,57,073.27",421
COMMOIETF,EQ,2025-09-19,91.24,91.68,92.09,91.36,91.8,91.86,91.87,"10,13,814","9,31,35,251.33",598
COMMOIETF,EQ,2025-09-22,91.86,91.86,92.86,91.64,92.32,92.34,92.52,"1,41,708","1,31,11,167.38",907
COMMOIETF,EQ,2025-09-23,92.34,92.81,92.84,91.58,92.37,92.41,92.37,"6,97,609","6,44,38,868.66",714
COMMOIETF,EQ,2025-09-24,92.41,92.87,92.87,91.15,91.5,91.65,91.99,"1,11,587","1,02,65,040.36",495
COMMOIETF,EQ,2025-09-25,91.65,92.1,92.3,91.16,91.58,91.25,91.6,"1,04,293","95,52,752.82",619
COMMOIETF,EQ,2025-09-26,91.25,91.98,91.98,90.0,90.6,90.23,90.43,"50,861","45,99,513.76",739
COMMOIETF,EQ,2025-09-29,90.23,90.91,91.2,90.37,90.75,90.74,90.85,"23,769","21,59,300.56",317
COMMOIETF,EQ,2025-09-30,90.74,91.07,91.56,90.86,91.5,91.26,91.14,"84,418","76,93,795.35",493
COMMOIETF,EQ,2025-10-01,91.26,91.71,91.93,90.84,91.93,91.73,91.56,"1,53,254","1,40,32,446.33",393
COMMOIETF,EQ,2025-10-03,91.73,91.5,92.31,91.4,91.91,92.01,91.9,"1,27,814","1,17,45,746.27","1,302"
COMMOIETF,EQ,2025-10-06,92.01,92.01,92.64,91.03,91.17,92.02,91.9,"69,599","63,96,395.63",860
COMMOIETF,EQ,2025-10-07,92.02,92.22,92.89,91.75,92.39,92.14,92.36,"49,453","45,67,282.39","1,810"
COMMOIETF,EQ,2025-10-08,92.14,92.6,92.6,91.35,92.2,91.51,91.99,"34,213","31,47,275.45",398
COMMOIETF,EQ,2025-10-09,91.51,91.96,92.55,91.48,92.45,92.51,92.36,"59,612","55,05,982.85","1,268"
COMMOIETF,EQ,2025-10-10,92.51,92.37,92.79,92.2,92.7,92.5,92.56,"1,29,580","1,19,94,228.59","2,258"
COMMOIETF,EQ,2025-10-13,92.5,92.1,92.5,91.65,92.32,92.35,92.11,"29,060","26,76,742.45",424
COMMOIETF,EQ,2025-10-14,92.35,93.99,95.12,91.36,91.72,91.92,91.93,"57,437","52,79,959.59",435
COMMOIETF,EQ,2025-10-15,91.92,91.92,92.9,91.8,92.59,92.62,92.52,"40,372","37,35,169.10","4,527"
COMMOIETF,EQ,2025-10-16,92.62,93.08,93.42,91.96,92.05,93.06,93.06,"92,290","85,88,852.19","1,138"
COMMOIETF,EQ,2025-10-17,93.06,93.22,93.55,92.66,93.35,93.15,93.2,"1,07,424","1,00,11,707.86","2,234"
COMMOIETF,EQ,2025-10-20,93.15,94.1,94.1,93.05,93.8,93.68,93.56,"76,652","71,71,250.51",516
COMMOIETF,EQ,2025-10-21,93.68,93.68,94.04,93.5,93.78,93.72,93.82,"32,521","30,50,978.84",309
COMMOIETF,EQ,2025-10-23,93.72,94.25,95.12,92.75,93.55,93.29,93.88,"78,617","73,80,570.53",648
COMMOIETF,EQ,2025-10-24,93.29,94.68,94.69,93.2,93.8,93.59,93.59,"69,271","64,82,741.07",990
COMMOIETF,EQ,2025-10-27,93.59,94.05,94.5,93.81,94.49,94.47,94.29,"1,43,959","1,35,74,442.92",760
COMMOIETF,EQ,2025-10-28,94.47,94.48,95.05,93.78,94.0,94.62,94.63,"8,53,419","8,07,60,810.41",733
COMMOIETF,EQ,2025-10-29,94.62,94.99,96.49,94.8,96.06,96.19,96.03,"1,41,296","1,35,68,409.50","1,001"
COMMOIETF,EQ,2025-10-30,96.19,96.2,96.74,95.56,96.35,96.29,95.94,"10,27,068","9,85,34,078.05","1,825"
COMMOIETF,EQ,2025-10-31,96.29,96.83,96.83,95.28,95.49,95.53,95.78,"59,798","57,27,420.55",813
COMMOIETF,EQ,2025-11-03,95.53,96.0,96.16,95.31,96.1,96.02,95.95,"94,446","90,62,145.53","1,280"
COMMOIETF,EQ,2025-11-04,96.02,96.02,96.02,94.8,94.85,95.28,95.25,"86,534","82,41,983.11","2,354"
COMMOIETF,EQ,2025-11-06,95.28,94.8,95.12,93.56,93.92,93.73,93.91,"2,54,595","2,39,08,436.23","1,772"
COMMOIETF,EQ,2025-11-07,93.73,93.95,94.87,93.04,94.4,94.32,94.15,"87,225","82,12,282.87",480
COMMOIETF,EQ,2025-11-10,94.32,94.35,94.82,94.18,94.8,94.4,94.59,"29,458","27,86,374.90",988
COMMOIETF,EQ,2025-11-11,94.4,94.84,95.08,93.59,95.0,94.95,94.16,"31,131","29,31,277.81",339
COMMOIETF,EQ,2025-11-12,94.95,95.42,95.49,94.7,95.25,95.22,95.29,"56,443","53,78,382.31","1,053"
COMMOIETF,EQ,2025-11-13,95.22,95.3,95.76,94.7,95.15,94.92,95.36,"48,757","46,49,353.68",402
COMMOIETF,EQ,2025-11-14,94.92,94.96,95.4,94.21,95.0,94.71,94.65,"78,467","74,26,562.21","2,418"
COMMOIETF,EQ,2025-11-17,94.71,94.77,95.5,94.5,95.25,94.93,94.89,"60,947","57,83,501.22","1,203"
COMMOIETF,EQ,2025-11-18,94.93,95.3,95.79,94.0,94.62,94.25,94.52,"55,412","52,37,384.94","1,321"
COMMOIETF,EQ,2025-11-19,94.25,94.4,94.41,93.62,94.0,93.9,93.92,"61,035","57,32,213.71","3,559"
COMMOIETF,EQ,2025-11-20,93.9,94.15,94.59,93.43,93.43,94.06,94.11,"4,47,712","4,21,33,231.75","1,822"
COMMOIETF,EQ,2025-11-21,94.06,93.98,93.98,92.3,92.3,92.54,93.15,"1,01,837","94,86,464.20","2,720"
COMMOIETF,EQ,2025-11-24,92.54,93.1,93.37,91.9,92.38,92.08,92.48,"84,026","77,71,069.69",968
COMMOIETF,EQ,2025-11-25,92.08,92.35,92.62,92.0,92.62,92.23,92.29,"5,42,156","5,00,36,062.07",510
COMMOIETF,EQ,2025-11-26,92.23,92.03,95.0,92.03,94.9,94.01,93.65,"52,803","49,44,890.19",388
COMMOIETF,EQ,2025-11-27,94.01,94.02,95.5,93.06,95.05,94.29,93.72,"1,17,229","1,09,86,216.95","1,787"
COMMOIETF,EQ,2025-11-28,94.29,94.18,94.18,93.19,94.0,93.66,93.66,"53,873","50,45,651.30","1,408"
COMMOIETF,EQ,2025-12-01,93.66,94.12,94.12,93.34,93.9,93.86,93.75,"85,709","80,35,191.85","1,070"
COMMOIETF,EQ,2025-12-02,93.86,94.08,94.08,93.25,93.5,93.52,93.57,"42,263","39,54,564.60",537
COMMOIETF,EQ,2025-12-03,93.52,93.98,93.98,92.31,93.06,92.83,92.83,"13,93,864","12,93,98,378.33","1,540"
COMMOIETF,EQ,2025-12-04,92.83,93.45,93.45,92.56,93.39,92.92,92.84,"27,839","25,84,518.08","1,681"
COMMOIETF,EQ,2025-12-05,92.92,92.83,93.39,92.2,93.39,93.22,93.09,"19,93,445","18,55,65,592.87","1,136"
COMMOIETF,EQ,2025-12-08,93.22,96.02,96.02,91.58,92.17,92.02,92.22,"67,334","62,09,683.31",849
COMMOIETF,EQ,2025-12-09,92.02,92.03,92.29,90.5,92.17,91.83,91.67,"5,88,063","5,39,08,597.61",677
COMMOIETF,EQ,2025-12-10,91.83,92.28,92.69,91.85,91.97,92.0,92.31,"53,407","49,29,930.58",329
COMMOIETF,EQ,2025-12-11,92.0,94.76,94.76,91.58,92.69,92.59,92.44,"1,03,657","95,81,535.12","7,789"
COMMOIETF,EQ,2025-12-12,92.59,93.29,94.18,93.0,94.14,94.07,93.82,"72,204","67,74,139.85",358
COMMOIETF,EQ,2025-12-15,94.07,94.97,95.97,93.05,94.39,94.27,94.13,"1,21,303","1,14,18,580.42","3,967"
COMMOIETF,EQ,2025-12-16,94.27,94.28,94.28,92.9,93.5,93.36,93.31,"78,404","73,15,730.45","1,374"
COMMOIETF,EQ,2025-12-17,93.36,93.35,94.27,92.92,93.47,93.27,93.21,"99,556","92,79,528.94","2,616"
COMMOIETF,EQ,2025-12-18,93.27,93.27,93.51,92.5,92.5,92.94,93.01,"88,351","82,17,826.44","3,337"
COMMOIETF,EQ,2025-12-19,92.94,93.41,93.68,93.0,93.68,93.66,93.47,"40,647","37,99,270.80",320
COMMOIETF,EQ,2025-12-22,93.66,94.1,94.45,93.95,94.4,94.21,94.18,"1,34,711","1,26,87,367.81","1,822"
COMMOIETF,EQ,2025-12-23,94.21,94.87,95.12,94.2,94.8,94.9,94.88,"96,040","91,12,144.83","3,129"
COMMOIETF,EQ,2025-12-24,94.9,95.37,95.37,94.5,94.89,94.69,94.83,"47,217","44,77,580.94","1,090"
COMMOIETF,EQ,2025-12-26,94.69,95.22,95.22,94.0,94.8,94.8,94.75,"1,05,830","1,00,27,000.37","3,097"
COMMOIETF,EQ,2025-12-29,94.8,95.5,95.5,94.2,94.2,94.45,94.59,"2,88,095","2,72,50,992.07","4,309"
COMMOIETF,EQ,2025-12-30,94.45,94.45,95.19,94.21,95.19,94.95,94.62,"1,08,129","1,02,30,992.08","4,568"
COMMOIETF,EQ,2025-12-31,94.95,94.95,96.94,94.95,96.7,96.76,96.45,"2,54,921","2,45,88,403.27","2,801"
COMMOIETF,EQ,2026-01-01,96.76,97.24,97.48,96.58,97.0,97.39,97.18,"1,21,278","1,17,85,693.05",864
COMMOIETF,EQ,2026-01-02,97.39,97.47,99.2,97.47,99.01,98.98,98.38,"2,32,362","2,28,59,740.93","1,230"
COMMOIETF,EQ,2026-01-05,98.98,99.0,99.51,98.36,99.14,98.96,99.03,"2,54,946","2,52,46,390.28","3,434"
COMMOIETF,EQ,2026-01-06,98.96,100.0,100.97,98.21,98.5,98.63,98.67,"1,23,950","1,22,30,312.16",904
COMMOIETF,EQ,2026-01-07,98.63,98.67,98.73,97.82,98.1,98.32,98.25,"1,75,597","1,72,51,646.52","5,069"
COMMOIETF,EQ,2026-01-08,98.32,98.25,98.98,95.48,95.51,95.95,96.29,"1,57,080","1,51,25,863.00","1,796"
COMMOIETF,EQ,2026-01-09,95.95,95.95,96.32,94.8,96.08,95.15,95.21,"1,76,715","1,68,25,219.27","8,791"
COMMOIETF,EQ,2026-01-12,95.15,95.63,96.8,94.28,96.8,96.5,95.62,"1,00,284","95,88,771.13",985
COMMOIETF,EQ,2026-01-13,96.5,96.98,96.98,95.42,96.4,96.37,96.36,"1,30,092","1,25,35,825.96",706
COMMOIETF,EQ,2026-01-14,96.37,96.01,98.1,95.99,98.1,97.75,97.63,"2,12,738","2,07,69,975.75","3,053"
COMMOIETF,EQ,2026-01-16,97.75,97.75,98.52,97.17,97.99,97.76,98.0,"1,75,757","1,72,24,907.36",829
COMMOIETF,EQ,2026-01-19,97.76,98.96,98.96,96.33,96.5,96.78,97.13,"2,84,403","2,76,25,044.81","3,248"
COMMOIETF,EQ,2026-01-20,96.78,97.13,97.21,94.35,94.35,94.9,95.96,"1,99,541","1,91,47,496.26","2,145"
COMMOIETF,EQ,2026-01-21,94.9,94.9,95.48,93.57,95.31,94.97,94.62,"91,978","87,03,125.47",864
COMMOIETF,EQ,2026-01-22,94.97,95.45,96.55,95.44,95.7,95.9,95.86,"53,126","50,92,763.63","1,753"
COMMOIETF,EQ,2026-01-23,95.9,96.8,96.8,94.5,94.8,94.88,95.49,"1,12,826","1,07,74,155.65","10,994"
COMMOIETF,EQ,2026-01-27,94.88,95.98,96.99,95.1,96.99,96.46,95.95,"1,36,363","1,30,83,614.55","4,086"
COMMOIETF,EQ,2026-01-28,96.46,96.94,99.4,96.45,99.0,98.66,98.24,"7,37,229","7,24,21,769.72","1,635"
COMMOIETF,EQ,2026-01-29,98.66,98.95,103.99,98.29,101.0,100.58,99.51,"3,38,257","3,36,59,165.39","1,374"
COMMOIETF,EQ,2026-01-30,100.58,100.58,100.58,97.38,97.8,98.01,98.19,"2,63,849","2,59,06,901.54","1,907"
COMMOIETF,EQ,2026-02-01,98.01,97.89,97.89,93.94,96.0,94.76,96.06,"1,56,966","1,50,78,343.10","1,594"
COMMOIETF,EQ,2026-02-02,94.76,94.99,96.68,93.81,96.02,96.25,95.09,"2,29,985","2,18,69,020.10","2,041"
COMMOIETF,EQ,2026-02-03,96.25,99.75,102.12,97.83,98.65,98.87,98.26,"8,73,183","8,57,97,851.56","2,014"
COMMOIETF,EQ,2026-02-04,98.87,99.26,100.79,98.9,99.51,100.47,100.29,"1,92,815","1,93,38,149.80","1,100"
COMMOIETF,EQ,2026-02-05,100.47,100.52,100.61,99.62,100.3,100.26,99.9,"1,39,660","1,39,51,683.47","2,513"
COMMOIETF,EQ,2026-02-06,100.26,100.22,100.77,99.44,100.55,100.49,100.13,"75,321","75,41,539.09",684
COMMOIETF,EQ,2026-02-09,100.49,100.65,101.72,100.49,101.1,101.36,101.11,"1,23,293","1,24,66,078.20","1,432"
COMMOIETF,EQ,2026-02-10,101.36,101.41,102.04,100.76,100.76,101.65,101.67,"1,50,823","1,53,34,280.60",869
COMMOIETF,EQ,2026-02-11,101.65,101.69,102.91,101.23,102.6,102.37,101.82,"1,07,728","1,09,68,559.69",727
COMMOIETF,EQ,2026-02-12,102.37,101.82,102.36,101.12,101.9,101.81,101.83,"77,109","78,52,019.04",792
COMMOIETF,EQ,2026-02-13,101.81,101.11,101.11,99.5,99.85,99.66,99.92,"1,29,888","1,29,78,118.59","1,318"
COMMOIETF,EQ,2026-02-16,99.66,99.62,100.79,98.95,100.74,100.7,99.96,"85,184","85,14,792.68","1,786"
COMMOIETF,EQ,2026-02-17,100.7,100.79,101.36,99.38,101.36,100.26,100.1,"1,18,802","1,18,92,248.44","1,178"
COMMOIETF,EQ,2026-02-18,100.26,99.95,101.1,99.95,100.89,100.81,100.69,"1,74,328","1,75,53,453.99","2,922"
COMMOIETF,EQ,2026-02-19,100.81,101.15,101.36,99.17,99.99,99.63,100.42,"82,866","83,21,189.77","3,245"
COMMOIETF,EQ,2026-02-20,99.63,99.46,100.9,99.41,100.66,100.48,100.22,"76,497","76,66,620.68",635
COMMOIETF,EQ,2026-02-23,100.48,100.99,101.79,99.16,100.95,100.44,100.36,"99,764","1,00,12,353.43",836
COMMOIETF,EQ,2026-02-24,100.44,100.7,101.7,100.06,101.7,101.29,100.69,"46,286","46,60,515.24",535
COMMOIETF,EQ,2026-02-25,101.29,101.79,102.49,101.0,101.9,101.9,101.91,"98,696","1,00,58,351.67",766
COMMOIETF,EQ,2026-02-26,101.9,102.41,102.41,101.51,102.35,102.32,102.06,"61,311","62,57,364.94",595
COMMOIETF,EQ,2026-02-27,102.32,102.39,102.76,100.2,101.24,101.24,101.68,"74,329","75,58,035.09",828
COMMOIETF,EQ,2026-03-02,101.24,101.24,101.25,98.71,100.73,100.37,99.93,"1,91,525","1,91,39,467.40","2,369"
COMMOIETF,EQ,2026-03-04,100.37,99.0,99.34,96.71,98.0,97.22,97.39,"2,43,253","2,36,89,642.57","2,038"
COMMOIETF,EQ,2026-03-05,97.22,98.2,99.49,97.15,99.45,99.24,98.84,"3,52,026","3,47,92,715.39","2,144"
COMMOIETF,EQ,2026-03-06,99.24,99.53,100.4,98.43,100.27,99.1,99.52,"1,32,688","1,32,04,884.54","5,969"
COMMOIETF,EQ,2026-03-09,99.1,99.1,99.1,95.19,96.86,96.84,96.39,"1,26,204","1,21,64,667.33","2,685"
COMMOIETF,EQ,2026-03-10,96.84,97.88,99.19,96.63,97.2,97.68,97.22,"1,36,940","1,33,13,661.18","1,744"
COMMOIETF,EQ,2026-03-11,97.68,98.0,100.0,96.0,100.0,97.22,97.69,"71,165","69,51,770.07","2,069"
COMMOIETF,EQ,2026-03-12,97.22,97.16,98.49,95.83,97.25,97.15,97.4,"85,128","82,91,637.84","2,397"
COMMOIETF,EQ,2026-03-13,97.15,97.14,97.81,94.81,96.96,95.27,96.06,"1,12,387","1,07,95,932.37","1,320"
COMMOIETF,EQ,2026-03-16,95.27,95.45,95.8,93.36,94.0,95.14,95.36,"2,00,122","1,90,83,773.73","1,336"
COMMOIETF,EQ,2026-03-17,95.14,95.86,96.8,95.02,96.79,96.51,96.14,"1,31,897","1,26,80,135.21",676
COMMOIETF,EQ,2026-03-18,96.51,96.85,97.15,96.06,96.8,96.82,96.61,"61,271","59,19,608.77",643
COMMOIETF,EQ,2026-03-19,96.82,95.31,102.0,94.0,100.0,95.41,95.18,"1,39,258","1,32,54,674.82","1,087"
COMMOIETF,EQ,2026-03-20,95.41,95.46,96.73,94.56,96.0,95.63,96.07,"1,23,779","1,18,91,073.40",752
COMMOIETF,EQ,2026-03-23,95.63,94.63,94.63,90.82,91.0,91.88,92.42,"94,400","87,24,228.37","1,621"
COMMOIETF,EQ,2026-03-24,91.88,93.4,94.0,92.08,94.0,93.2,93.07,"76,252","70,96,950.74","5,276"
COMMOIETF,EQ,2026-03-25,93.2,94.07,95.66,93.22,94.92,94.92,95.02,"41,936","39,84,908.47",451
COMMOIETF,EQ,2026-03-27,94.92,95.39,95.39,92.49,93.6,93.87,94.07,"72,969","68,64,521.47","1,519"
COMMOIETF,EQ,2026-03-30,93.87,93.77,94.89,91.53,92.7,92.46,93.44,"1,25,056","1,16,85,682.95","1,068"
COMMOIETF,EQ,2026-04-01,92.46,94.31,95.82,92.98,93.75,93.86,94.64,"87,358","82,67,812.72",910
COMMOIETF,EQ,2026-04-02,93.86,93.84,94.19,91.32,94.11,94.05,92.66,"76,728","71,09,405.91",853
COMMOIETF,EQ,2026-04-06,94.05,93.05,94.86,91.23,94.8,94.71,94.33,"79,619","75,10,226.52",799
COMMOIETF,EQ,2026-04-07,94.71,94.65,97.5,93.81,97.0,95.77,95.07,"33,821","32,15,452.92",445
COMMOIETF,EQ,2026-04-08,95.77,97.47,99.0,97.03,99.0,98.26,97.99,"81,102","79,47,359.11",734
COMMOIETF,EQ,2026-04-09,98.26,99.7,99.7,97.13,97.72,98.05,98.33,"65,850","64,75,179.68",612
COMMOIETF,EQ,2026-04-10,98.05,98.97,99.96,97.89,99.4,98.78,99.16,"1,25,887","1,24,83,548.02","4,047"
COMMOIETF,EQ,2026-04-13,98.78,98.5,99.86,97.18,99.0,99.13,98.78,"1,07,153","1,05,84,994.12","1,982"
COMMOIETF,EQ,2026-04-15,99.13,100.7,100.99,100.18,100.5,100.71,100.59,"61,945","62,31,057.44",682
COMMOIETF,EQ,2026-04-16,100.71,101.18,101.66,100.54,101.57,101.37,101.15,"44,583","45,09,469.70",579
COMMOIETF,EQ,2026-04-17,101.37,101.2,103.0,101.13,102.9,102.59,101.85,"97,615","99,42,275.42","4,386"
COMMOIETF,EQ,2026-04-20,102.59,102.59,103.57,101.54,102.5,102.82,102.81,"75,176","77,28,945.04",884
COMMOIETF,EQ,2026-04-21,102.82,103.1,103.74,102.78,103.25,103.11,103.3,"43,837","45,28,513.10",531
COMMOIETF,EQ,2026-04-22,103.11,103.3,104.45,103.0,104.41,104.13,103.77,"48,822","50,66,380.07",620
COMMOIETF,EQ,2026-04-23,104.13,103.77,104.0,103.01,104.0,103.4,103.57,"6,49,598","6,72,76,530.61","3,433"
COMMOIETF,EQ,2026-04-24,103.4,103.77,104.01,102.07,103.6,103.03,102.51,"64,171","65,78,154.78","4,292"
COMMOIETF,EQ,2026-04-27,103.03,103.54,105.1,103.3,104.95,104.7,104.53,"90,309","94,40,085.77",850
COMMOIETF,EQ,2026-04-28,104.7,104.96,105.75,104.41,105.0,105.14,105.34,"4,44,887","4,68,66,595.85","1,668"
COMMOIETF,EQ,2026-04-29,105.14,105.97,106.0,104.81,105.0,105.26,105.48,"89,440","94,33,719.10","1,379"
COMMOIETF,EQ,2026-04-30,105.26,105.53,107.03,102.45,106.0,104.42,104.6,"1,78,111","1,86,29,520.37","1,157"
COMMOIETF,EQ,2026-05-04,104.42,105.41,108.42,104.53,105.32,105.14,105.95,"3,35,205","3,55,15,966.06","1,320"
COMMOIETF,EQ,2026-05-05,105.14,105.24,106.61,104.15,106.61,105.35,105.04,"1,02,502","1,07,66,744.81","1,171"
COMMOIETF,EQ,2026-05-06,105.35,105.93,106.63,105.01,106.0,106.02,105.72,"1,04,236","1,10,20,041.00",599
COMMOIETF,EQ,2026-05-07,106.02,107.12,109.2,104.8,104.8,106.03,106.26,"1,32,351","1,40,63,964.99",720
COMMOIETF,EQ,2026-05-08,106.03,106.42,106.99,104.93,106.97,105.26,105.44,"60,043","63,30,829.48",697
COMMOIETF,EQ,2026-05-11,105.26,105.54,107.8,103.9,107.52,104.39,104.63,"1,07,163","1,12,12,858.11","1,008"
COMMOIETF,EQ,2026-05-12,104.39,104.86,104.87,102.56,103.14,103.05,103.82,"93,086","96,64,445.90","1,485"
COMMOIETF,EQ,2026-05-13,103.05,103.71,104.56,102.62,104.56,104.22,103.66,"69,395","71,93,296.26",608
COMMOIETF,EQ,2026-05-14,104.22,104.78,105.7,104.41,105.7,105.38,105.3,"1,08,646","1,14,40,332.53",640
COMMOIETF,EQ,2026-05-15,105.38,105.9,105.9,103.53,104.0,103.96,104.56,"1,30,467","1,36,41,469.29",928
COMMOIETF,EQ,2026-05-18,103.96,103.96,103.96,101.85,103.96,103.28,102.74,"1,20,352","1,23,64,749.18","1,568"
COMMOIETF,EQ,2026-05-19,103.28,103.95,104.0,101.8,101.97,102.73,103.31,"92,498","95,56,051.13","2,097"
COMMOIETF,EQ,2026-05-20,102.73,102.48,103.74,102.0,102.48,103.46,103.05,"1,44,572","1,48,98,672.78","2,343"
COMMOIETF,EQ,2026-05-21,103.46,104.15,104.81,103.63,104.36,104.14,104.22,"41,962","43,73,349.50",499
COMMOIETF,EQ,2026-05-22,104.14,104.66,104.89,103.83,104.1,104.39,104.19,"57,330","59,73,026.08","1,393"
COMMOIETF,EQ,2026-05-25,104.39,104.41,105.58,104.27,105.42,105.07,104.72,"84,183","88,15,439.62",792
COMMOIETF,EQ,2026-05-26,105.07,105.59,110.56,105.03,108.15,107.19,106.29,"90,061","95,72,179.58",736
COMMOIETF,EQ,2026-05-27,107.19,106.2,108.99,105.33,108.99,107.08,106.69,"1,06,036","1,13,12,630.66",836
COMMOIETF,EQ,2026-05-29,107.08,107.41,107.46,104.5,105.8,104.95,106.04,"1,18,920","1,26,10,335.87","1,426"
COMMOIETF,EQ,2026-06-01,104.95,105.47,105.89,104.1,105.3,104.43,104.6,"1,07,692","1,12,64,377.97",893
COMMOIETF,EQ,2026-06-02,104.43,104.0,105.9,103.01,104.0,104.19,103.88,"2,03,539","2,11,44,501.75","2,280"
COMMOIETF,EQ,2026-06-03,104.19,104.0,106.4,102.87,106.4,104.03,103.68,"65,899","68,32,226.27",813
COMMOIETF,EQ,2026-06-04,104.03,106.0,106.0,103.06,104.53,103.81,103.81,"40,845","42,40,200.31",513
COMMOIETF,EQ,2026-06-05,103.81,103.11,104.42,102.0,102.9,102.52,102.61,"1,31,292","1,34,71,476.73","2,795"
COMMOIETF,EQ,2026-06-08,102.52,101.7,102.27,100.59,102.22,101.06,101.61,"78,889","80,15,954.65","1,242"
COMMOIETF,EQ,2026-06-09,101.06,101.66,102.0,100.85,102.0,101.39,101.22,"32,729","33,12,854.20",730
COMMOIETF,EQ,2026-06-10,101.39,101.31,101.39,99.56,100.1,99.81,100.61,"96,038","96,62,749.39","3,205"
COMMOIETF,EQ,2026-06-11,99.81,99.75,99.95,98.87,99.29,99.16,99.47,"44,671","44,43,421.88",922
COMMOIETF,EQ,2026-06-12,99.16,99.99,100.99,99.32,100.99,100.81,99.98,"89,177","89,16,174.94",518
COMMOIETF,EQ,2026-06-15,100.81,101.54,103.33,101.11,102.4,102.12,102.0,"1,03,766","1,05,83,662.65",919
COMMOIETF,EQ,2026-06-16,102.12,102.4,103.14,101.16,102.0,101.86,101.79,"25,092","25,54,196.47",411
COMMOIETF,EQ,2026-06-17,101.86,100.0,102.55,99.82,102.23,102.09,101.85,"34,419","35,05,486.21",503
COMMOIETF,EQ,2026-06-18,102.09,103.05,103.1,102.0,102.0,102.41,102.48,"31,156","31,92,832.91",429
COMMOIETF,EQ,2026-06-19,102.41,102.62,103.03,101.6,102.0,102.16,102.4,"50,711","51,92,761.72",546
COMMOIETF,EQ,2026-06-22,102.16,100.15,103.09,100.15,103.0,102.73,102.67,"75,800","77,82,652.74","1,336"
COMMOIETF,EQ,2026-06-23,102.73,103.0,103.0,101.0,101.0,101.34,102.1,"45,237","46,18,880.90",706
COMMOIETF,EQ,2026-06-24,101.34,101.0,101.91,100.5,101.0,101.32,101.1,"48,287","48,81,859.68",446
COMMOIETF,EQ,2026-06-25,101.32,101.9,101.9,100.01,100.74,100.51,100.93,"68,918","69,55,830.40","4,022"
COMMOIETF,EQ,2026-06-29,100.51,100.51,100.51,98.93,99.94,99.64,99.98,"48,959","48,95,148.82",893
COMMOIETF,EQ,2026-06-30,99.64,99.66,100.29,99.25,100.01,99.88,99.75,"34,962","34,87,588.60",662
COMMOIETF,EQ,2026-07-01,99.88,99.88,100.19,99.22,99.75,99.5,99.49,"74,854","74,47,135.32","1,676"
COMMOIETF,EQ,2026-07-02,99.5,99.54,100.42,99.54,100.35,100.1,100.11,"34,776","34,81,513.18",538
COMMOIETF,EQ,2026-07-03,100.1,100.43,101.34,100.36,101.0,100.71,100.79,"52,513","52,92,826.08","2,928"
